"Legend:","","","","","","","","","","","","","","","","","","","","","","","","","","","","","","","","","","","","","","","","","","","","","","","","",""
"","","","","","","","","","","","","","","","","","","","","","","","","","","","","","","","","","","","","","","","","","","","","","","","","",""
"The first header refers to the abbreviation of the treatment (positive control, negative control, and CPAs), and each treatment has its own section. For binary or ternary solutions, the total concentration is equally divided between each CPA on a molal basis.","","","","","","","","","","","","","","","","","","","","","","","","","","","","","","","","","","","","","","","","","","","","","","","","",""
"In each treatment section, an experiment is identified by the max treatment concentration [molal] and the target exposure time [min] for that concentration (first two columns of information).","","","","","","","","","","","","","","","","","","","","","","","","","","","","","","","","","","","","","","","","","","","","","","","","",""
"After the identification of the experiment and moving to the next column, the average temperature [oC] at which the experiment was conducted is listed.","","","","","","","","","","","","","","","","","","","","","","","","","","","","","","","","","","","","","","","","","","","","","","","","",""
"The next two columns list the cell viabilities. Viabilities are normalized to the positive control and there are either 5 or 6 replicates per experimental condition. Both the cell viability and adjusted cell viability are listed. If a cell viability is shaded red, it has been identified as an outlier","","","","","","","","","","","","","","","","","","","","","","","","","","","","","","","","","","","","","","","","","","","","","","","","",""
"Continuing across the columns, the specifics of each treatment step are described with two headers:","","","","","","","","","","","","","","","","","","","","","","","","","","","","","","","","","","","","","","","","","","","","","","","","",""
"","Number headers refer to the step of the addition and removal procedure.","","","","","","","","","","","","","","","","","","","","","","","","","","","","","","","","","","","","","","","","","","","","","","","",""
"","Letter headers refer to a piece of information for that given step as described below:","","","","","","","","","","","","","","","","","","","","","","","","","","","","","","","","","","","","","","","","","","","","","","","",""
"","","a: CPA concentration [molal]","","","","","","","","","","","","","","","","","","","","","","","","","","","","","","","","","","","","","","","","","","","","","","",""
"","","b: Non-permeating solute concentration [mOsmolal]","","","","","","","","","","","","","","","","","","","","","","","","","","","","","","","","","","","","","","","","","","","","","","",""
"","","c: Target Exposure Time [min]","","","","","","","","","","","","","","","","","","","","","","","","","","","","","","","","","","","","","","","","","","","","","","",""
"","","d: Actual Exposure Time [min]","","","","","","","","","","","","","","","","","","","","","","","","","","","","","","","","","","","","","","","","","","","","","","",""
"","","","","","","","","","","","","","","","","","","","","","","","","","","","","","","","","","","","","","","","","","","","","","","","","",""
"","","","","","","","","","","","","","","","","","","","","","","","","","","","","","","","","","","","","","","","","","","","","","","","","",""
"","","","","","","","","","","","","","","","","","","","","","","","","","","","","","","","","","","","","","","","","","","","","","","","","",""
"Pos Con","","","","","","","","","","","","","","","","","","","","","","","","","","","","","","","","","","","","","","","","","","","","","","","","",""
"","","","","","","","","","","","","","","","","","","","","","","","","","","","","","","","","","","","","","","","","","","","","","","","","",""
"","","","","","","1","","","","","2","","","","","3","","","","","4","","","","","5","","","","","6","","","","","7","","","","","8","","","","","9","","",""
"","","","","","","","","","","","","","","","","","","","","","","","","","","","","","","","","","","","","","","","","","","","","","","","","",""
"Max Conc","Exp Time","Temp","Cell Viab","Adj Cell Viab","","a","b","c","d","","a","b","c","d","","a","b","c","d","","a","b","c","d","","a","b","c","d","","a","b","c","d","","a","b","c","d","","a","b","c","d","","a","b","c","d"
"","","","","","","","","","","","","","","","","","","","","","","","","","","","","","","","","","","","","","","","","","","","","","","","","",""
"7","5","25.75","0.91194671087964","0.91194671087964","","0","300","0.5","2.5666666666667","","0","300","4.5","4.6333333333333","","0","300","4.5","4.7","","0","300","5","5.3","","0","300","7","8.1833333333333","","0","300","7","7.2","","0","300","5","5.2","","0","300","5","5.15","","Media","Media","1440","1410"
"7","5","25.75","1.0160813096894","1.0160813096894","","0","300","0.5","2.5666666666667","","0","300","4.5","4.6333333333333","","0","300","4.5","4.7","","0","300","5","5.3","","0","300","7","8.1833333333333","","0","300","7","7.2","","0","300","5","5.2","","0","300","5","5.15","","Media","Media","1440","1410"
"7","5","25.75","1.0371753854127","1.0371753854127","","0","300","0.5","2.5666666666667","","0","300","4.5","4.6333333333333","","0","300","4.5","4.7","","0","300","5","5.3","","0","300","7","8.1833333333333","","0","300","7","7.2","","0","300","5","5.2","","0","300","5","5.15","","Media","Media","1440","1410"
"7","5","25.75","1.0501721440171","1.0501721440171","","0","300","0.5","2.5666666666667","","0","300","4.5","4.6333333333333","","0","300","4.5","4.7","","0","300","5","5.3","","0","300","7","8.1833333333333","","0","300","7","7.2","","0","300","5","5.2","","0","300","5","5.15","","Media","Media","1440","1410"
"7","5","25.75","0.98462445000116","0.98462445000116","","0","300","0.5","2.5666666666667","","0","300","4.5","4.6333333333333","","0","300","4.5","4.7","","0","300","5","5.3","","0","300","7","8.1833333333333","","0","300","7","7.2","","0","300","5","5.2","","0","300","5","5.15","","Media","Media","1440","1410"
"7","10","25.2","1.0000128409935","0.97278910278949","","0","300","0.5","2.5833333333333","","0","300","4.5","4.65","","0","300","4.5","4.6666666666667","","0","300","10","10.2","","0","300","7","7.9166666666667","","0","300","7","7.15","","0","300","5","5.1666666666667","","0","300","5","5.15","","Media","Media","1440","1210"
"7","10","25.2","1.0234495370345","0.99558777254599","","0","300","0.5","2.5833333333333","","0","300","4.5","4.65","","0","300","4.5","4.6666666666667","","0","300","10","10.2","","0","300","7","7.9166666666667","","0","300","7","7.15","","0","300","5","5.1666666666667","","0","300","5","5.15","","Media","Media","1440","1210"
"7","10","25.2","1.0151459390893","0.98751022667464","","0","300","0.5","2.5833333333333","","0","300","4.5","4.65","","0","300","4.5","4.6666666666667","","0","300","10","10.2","","0","300","7","7.9166666666667","","0","300","7","7.15","","0","300","5","5.1666666666667","","0","300","5","5.15","","Media","Media","1440","1210"
"7","10","25.2","0.88805903303829","","","0","300","0.5","2.5833333333333","","0","300","4.5","4.65","","0","300","4.5","4.6666666666667","","0","300","10","10.2","","0","300","7","7.9166666666667","","0","300","7","7.15","","0","300","5","5.1666666666667","","0","300","5","5.15","","Media","Media","1440","1210"
"7","10","25.2","1.0733326498444","1.0441128979899","","0","300","0.5","2.5833333333333","","0","300","4.5","4.65","","0","300","4.5","4.6666666666667","","0","300","10","10.2","","0","300","7","7.9166666666667","","0","300","7","7.15","","0","300","5","5.1666666666667","","0","300","5","5.15","","Media","Media","1440","1210"
"7","30","25.75","0.89503786748885","0.89503786748885","","0","300","0.5","3.0166666666667","","0","300","4.5","4.6333333333333","","0","300","4.5","4.65","","0","300","30","30.183333333333","","0","300","7","7.9166666666667","","0","300","7","7.1666666666667","","0","300","5","5.15","","0","300","5","5.1333333333333","","Media","Media","1440","1255"
"7","30","25.75","1.0546971534405","1.0546971534405","","0","300","0.5","3.0166666666667","","0","300","4.5","4.6333333333333","","0","300","4.5","4.65","","0","300","30","30.183333333333","","0","300","7","7.9166666666667","","0","300","7","7.1666666666667","","0","300","5","5.15","","0","300","5","5.1333333333333","","Media","Media","1440","1255"
"7","30","25.75","0.94238106767073","0.94238106767073","","0","300","0.5","3.0166666666667","","0","300","4.5","4.6333333333333","","0","300","4.5","4.65","","0","300","30","30.183333333333","","0","300","7","7.9166666666667","","0","300","7","7.1666666666667","","0","300","5","5.15","","0","300","5","5.1333333333333","","Media","Media","1440","1255"
"7","30","25.75","1.081902039119","1.081902039119","","0","300","0.5","3.0166666666667","","0","300","4.5","4.6333333333333","","0","300","4.5","4.65","","0","300","30","30.183333333333","","0","300","7","7.9166666666667","","0","300","7","7.1666666666667","","0","300","5","5.15","","0","300","5","5.1333333333333","","Media","Media","1440","1255"
"7","30","25.75","1.0259818722809","1.0259818722809","","0","300","0.5","3.0166666666667","","0","300","4.5","4.6333333333333","","0","300","4.5","4.65","","0","300","30","30.183333333333","","0","300","7","7.9166666666667","","0","300","7","7.1666666666667","","0","300","5","5.15","","0","300","5","5.1333333333333","","Media","Media","1440","1255"
"7","60","25.5","1.0770777514541","0.86563313263689","","0","300","0.5","2.6833333333333","","0","300","4.5","4.95","","0","300","4.5","4.6833333333333","","0","300","60","60.333333333333","","0","300","7","7.9833333333333","","0","300","7","7.15","","0","300","5","5.1833333333333","","0","300","5","5.15","","Media","Media","1440","1315"
"7","60","25.5","0.022936572803524","","","0","300","0.5","2.6833333333333","","0","300","4.5","4.95","","0","300","4.5","4.6833333333333","","0","300","60","60.333333333333","","0","300","7","7.9833333333333","","0","300","7","7.15","","0","300","5","5.1833333333333","","0","300","5","5.15","","Media","Media","1440","1315"
"7","60","25.5","1.4956172464953","1.2020077850105","","0","300","0.5","2.6833333333333","","0","300","4.5","4.95","","0","300","4.5","4.6833333333333","","0","300","60","60.333333333333","","0","300","7","7.9833333333333","","0","300","7","7.15","","0","300","5","5.1833333333333","","0","300","5","5.15","","Media","Media","1440","1315"
"7","60","25.5","1.2848903214555","1.0326493445387","","0","300","0.5","2.6833333333333","","0","300","4.5","4.95","","0","300","4.5","4.6833333333333","","0","300","60","60.333333333333","","0","300","7","7.9833333333333","","0","300","7","7.15","","0","300","5","5.1833333333333","","0","300","5","5.15","","Media","Media","1440","1315"
"7","60","25.5","1.1194781077916","0.89970973781395","","0","300","0.5","2.6833333333333","","0","300","4.5","4.95","","0","300","4.5","4.6833333333333","","0","300","60","60.333333333333","","0","300","7","7.9833333333333","","0","300","7","7.15","","0","300","5","5.1833333333333","","0","300","5","5.15","","Media","Media","1440","1315"
"","","","","","","","","","","","","","","","","","","","","","","","","","","","","","","","","","","","","","","","","","","","","","","","","",""
"Neg Con","","","","","","","","","","","","","","","","","","","","","","","","","","","","","","","","","","","","","","","","","","","","","","","","",""
"","","","","","","","","","","","","","","","","","","","","","","","","","","","","","","","","","","","","","","","","","","","","","","","","",""
"","","","","","","1","","","","","2","","","","","3","","","","","4","","","","","5","","","","","6","","","","","7","","","","","8","","","","","9","","",""
"","","","","","","","","","","","","","","","","","","","","","","","","","","","","","","","","","","","","","","","","","","","","","","","","",""
"Max Conc","Exp Time","Temp","Cell Viab","Adj Cell Viab","","a","b","c","d","","a","b","c","d","","a","b","c","d","","a","b","c","d","","a","b","c","d","","a","b","c","d","","a","b","c","d","","a","b","c","d","","a","b","c","d"
"","","","","","","","","","","","","","","","","","","","","","","","","","","","","","","","","","","","","","","","","","","","","","","","","",""
"7","5","25.75","-0.00018014052095923","-0.00018014052095923","","0","300","0.5","2.5666666666667","","N/A","N/A","4.5","4.6333333333333","","N/A","N/A","4.5","4.7","","N/A","N/A","5","5.3","","N/A","N/A","7","8.1833333333333","","N/A","N/A","7","7.2","","N/A","N/A","5","5.2","","70% EtOH","70% EtOH","5","5.15","","Media","Media","1440","1410"
"7","5","25.75","-0.0011955932885211","-0.0011955932885211","","0","300","0.5","2.5666666666667","","N/A","N/A","4.5","4.6333333333333","","N/A","N/A","4.5","4.7","","N/A","N/A","5","5.3","","N/A","N/A","7","8.1833333333333","","N/A","N/A","7","7.2","","N/A","N/A","5","5.2","","70% EtOH","70% EtOH","5","5.15","","Media","Media","1440","1410"
"7","5","25.75","-0.00024423815593665","-0.00024423815593665","","0","300","0.5","2.5666666666667","","N/A","N/A","4.5","4.6333333333333","","N/A","N/A","4.5","4.7","","N/A","N/A","5","5.3","","N/A","N/A","7","8.1833333333333","","N/A","N/A","7","7.2","","N/A","N/A","5","5.2","","70% EtOH","70% EtOH","5","5.15","","Media","Media","1440","1410"
"7","5","25.75","6.9989354829493E-5","6.9989354829493E-5","","0","300","0.5","2.5666666666667","","N/A","N/A","4.5","4.6333333333333","","N/A","N/A","4.5","4.7","","N/A","N/A","5","5.3","","N/A","N/A","7","8.1833333333333","","N/A","N/A","7","7.2","","N/A","N/A","5","5.2","","70% EtOH","70% EtOH","5","5.15","","Media","Media","1440","1410"
"7","5","25.75","0.00093320566480465","0.00093320566480465","","0","300","0.5","2.5666666666667","","N/A","N/A","4.5","4.6333333333333","","N/A","N/A","4.5","4.7","","N/A","N/A","5","5.3","","N/A","N/A","7","8.1833333333333","","N/A","N/A","7","7.2","","N/A","N/A","5","5.2","","70% EtOH","70% EtOH","5","5.15","","Media","Media","1440","1410"
"7","10","25.2","-0.0015543869262902","-0.0015543869262902","","0","300","0.5","2.5833333333333","","N/A","N/A","4.5","4.65","","N/A","N/A","4.5","4.6666666666667","","N/A","N/A","10","10.2","","N/A","N/A","7","7.9166666666667","","N/A","N/A","7","7.15","","N/A","N/A","5","5.1666666666667","","70% EtOH","70% EtOH","5","5.15","","Media","Media","1440","1210"
"7","10","25.2","-0.00047139786611806","-0.00047139786611806","","0","300","0.5","2.5833333333333","","N/A","N/A","4.5","4.65","","N/A","N/A","4.5","4.6666666666667","","N/A","N/A","10","10.2","","N/A","N/A","7","7.9166666666667","","N/A","N/A","7","7.15","","N/A","N/A","5","5.1666666666667","","70% EtOH","70% EtOH","5","5.15","","Media","Media","1440","1210"
"7","10","25.2","0.0015261655957277","0.0015261655957277","","0","300","0.5","2.5833333333333","","N/A","N/A","4.5","4.65","","N/A","N/A","4.5","4.6666666666667","","N/A","N/A","10","10.2","","N/A","N/A","7","7.9166666666667","","N/A","N/A","7","7.15","","N/A","N/A","5","5.1666666666667","","70% EtOH","70% EtOH","5","5.15","","Media","Media","1440","1210"
"7","10","25.2","-0.00033871473433229","-0.00033871473433229","","0","300","0.5","2.5833333333333","","N/A","N/A","4.5","4.65","","N/A","N/A","4.5","4.6666666666667","","N/A","N/A","10","10.2","","N/A","N/A","7","7.9166666666667","","N/A","N/A","7","7.15","","N/A","N/A","5","5.1666666666667","","70% EtOH","70% EtOH","5","5.15","","Media","Media","1440","1210"
"7","10","25.2","0.00097523408377589","0.00097523408377589","","0","300","0.5","2.5833333333333","","N/A","N/A","4.5","4.65","","N/A","N/A","4.5","4.6666666666667","","N/A","N/A","10","10.2","","N/A","N/A","7","7.9166666666667","","N/A","N/A","7","7.15","","N/A","N/A","5","5.1666666666667","","70% EtOH","70% EtOH","5","5.15","","Media","Media","1440","1210"
"7","30","25.75","0.00078153649455735","0.00078153649455735","","0","300","0.5","3.0166666666667","","N/A","N/A","4.5","4.6333333333333","","N/A","N/A","4.5","4.65","","N/A","N/A","30","30.183333333333","","N/A","N/A","7","7.9166666666667","","N/A","N/A","7","7.1666666666667","","N/A","N/A","5","5.15","","70% EtOH","70% EtOH","5","5.1333333333333","","Media","Media","1440","1255"
"7","30","25.75","0.0025815531776144","0.0025815531776144","","0","300","0.5","3.0166666666667","","N/A","N/A","4.5","4.6333333333333","","N/A","N/A","4.5","4.65","","N/A","N/A","30","30.183333333333","","N/A","N/A","7","7.9166666666667","","N/A","N/A","7","7.1666666666667","","N/A","N/A","5","5.15","","70% EtOH","70% EtOH","5","5.1333333333333","","Media","Media","1440","1255"
"7","30","25.75","-0.0010122785620383","-0.0010122785620383","","0","300","0.5","3.0166666666667","","N/A","N/A","4.5","4.6333333333333","","N/A","N/A","4.5","4.65","","N/A","N/A","30","30.183333333333","","N/A","N/A","7","7.9166666666667","","N/A","N/A","7","7.1666666666667","","N/A","N/A","5","5.15","","70% EtOH","70% EtOH","5","5.1333333333333","","Media","Media","1440","1255"
"7","30","25.75","-0.00016266952374589","-0.00016266952374589","","0","300","0.5","3.0166666666667","","N/A","N/A","4.5","4.6333333333333","","N/A","N/A","4.5","4.65","","N/A","N/A","30","30.183333333333","","N/A","N/A","7","7.9166666666667","","N/A","N/A","7","7.1666666666667","","N/A","N/A","5","5.15","","70% EtOH","70% EtOH","5","5.1333333333333","","Media","Media","1440","1255"
"7","30","25.75","0.00096622698234542","0.00096622698234542","","0","300","0.5","3.0166666666667","","N/A","N/A","4.5","4.6333333333333","","N/A","N/A","4.5","4.65","","N/A","N/A","30","30.183333333333","","N/A","N/A","7","7.9166666666667","","N/A","N/A","7","7.1666666666667","","N/A","N/A","5","5.15","","70% EtOH","70% EtOH","5","5.1333333333333","","Media","Media","1440","1255"
"7","60","25.5","-0.00087803687720562","-0.00087803687720562","","0","300","0.5","2.6833333333333","","N/A","N/A","4.5","4.95","","N/A","N/A","4.5","4.6833333333333","","N/A","N/A","60","60.333333333333","","N/A","N/A","7","7.9833333333333","","N/A","N/A","7","7.15","","N/A","N/A","5","5.1833333333333","","70% EtOH","70% EtOH","5","5.15","","Media","Media","1440","1315"
"7","60","25.5","0.0006795955100051","0.0006795955100051","","0","300","0.5","2.6833333333333","","N/A","N/A","4.5","4.95","","N/A","N/A","4.5","4.6833333333333","","N/A","N/A","60","60.333333333333","","N/A","N/A","7","7.9833333333333","","N/A","N/A","7","7.15","","N/A","N/A","5","5.1833333333333","","70% EtOH","70% EtOH","5","5.15","","Media","Media","1440","1315"
"7","60","25.5","0.0020156269657529","0.0020156269657529","","0","300","0.5","2.6833333333333","","N/A","N/A","4.5","4.95","","N/A","N/A","4.5","4.6833333333333","","N/A","N/A","60","60.333333333333","","N/A","N/A","7","7.9833333333333","","N/A","N/A","7","7.15","","N/A","N/A","5","5.1833333333333","","70% EtOH","70% EtOH","5","5.15","","Media","Media","1440","1315"
"7","60","25.5","-0.00011024665448986","-0.00011024665448986","","0","300","0.5","2.6833333333333","","N/A","N/A","4.5","4.95","","N/A","N/A","4.5","4.6833333333333","","N/A","N/A","60","60.333333333333","","N/A","N/A","7","7.9833333333333","","N/A","N/A","7","7.15","","N/A","N/A","5","5.1833333333333","","70% EtOH","70% EtOH","5","5.15","","Media","Media","1440","1315"
"7","60","25.5","-0.0019062617802353","-0.0019062617802353","","0","300","0.5","2.6833333333333","","N/A","N/A","4.5","4.95","","N/A","N/A","4.5","4.6833333333333","","N/A","N/A","60","60.333333333333","","N/A","N/A","7","7.9833333333333","","N/A","N/A","7","7.15","","N/A","N/A","5","5.1833333333333","","70% EtOH","70% EtOH","5","5.15","","Media","Media","1440","1315"
"","","","","","","","","","","","","","","","","","","","","","","","","","","","","","","","","","","","","","","","","","","","","","","","","",""
"Gly + DMSO + PG","","","","","","","","","","","","","","","","","","","","","","","","","","","","","","","","","","","","","","","","","","","","","","","","",""
"","","","","","","","","","","","","","","","","","","","","","","","","","","","","","","","","","","","","","","","","","","","","","","","","",""
"","","","","","","1","","","","","2","","","","","3","","","","","4","","","","","5","","","","","6","","","","","7","","","","","8","","","","","9","","",""
"","","","","","","","","","","","","","","","","","","","","","","","","","","","","","","","","","","","","","","","","","","","","","","","","",""
"Max Conc","Exp Time","Temp","Cell Viab","Adj Cell Viab","","a","b","c","d","","a","b","c","d","","a","b","c","d","","a","b","c","d","","a","b","c","d","","a","b","c","d","","a","b","c","d","","a","b","c","d","","a","b","c","d"
"","","","","","","","","","","","","","","","","","","","","","","","","","","","","","","","","","","","","","","","","","","","","","","","","",""
"7","5","25.75","0.94579883232375","0.94579883232375","","0","300","0.5","2.5666666666667","","1","321","4.5","4.6333333333333","","3","363","4.5","4.7","","7","448","5","5.3","","3","993","7","8.1833333333333","","1","1131","7","7.2","","0","1200","5","5.2","","0","300","5","5.15","","Media","Media","1440","1410"
"7","5","25.75","0.88860798098561","0.88860798098561","","0","300","0.5","2.5666666666667","","1","321","4.5","4.6333333333333","","3","363","4.5","4.7","","7","448","5","5.3","","3","993","7","8.1833333333333","","1","1131","7","7.2","","0","1200","5","5.2","","0","300","5","5.15","","Media","Media","1440","1410"
"7","5","25.75","0.98330757883899","0.98330757883899","","0","300","0.5","2.5666666666667","","1","321","4.5","4.6333333333333","","3","363","4.5","4.7","","7","448","5","5.3","","3","993","7","8.1833333333333","","1","1131","7","7.2","","0","1200","5","5.2","","0","300","5","5.15","","Media","Media","1440","1410"
"7","5","25.75","0.87745463866424","0.87745463866424","","0","300","0.5","2.5666666666667","","1","321","4.5","4.6333333333333","","3","363","4.5","4.7","","7","448","5","5.3","","3","993","7","8.1833333333333","","1","1131","7","7.2","","0","1200","5","5.2","","0","300","5","5.15","","Media","Media","1440","1410"
"7","5","25.75","0.9676377415724","0.9676377415724","","0","300","0.5","2.5666666666667","","1","321","4.5","4.6333333333333","","3","363","4.5","4.7","","7","448","5","5.3","","3","993","7","8.1833333333333","","1","1131","7","7.2","","0","1200","5","5.2","","0","300","5","5.15","","Media","Media","1440","1410"
"7","10","25.2","0.77604607127906","0.77604607127906","","0","300","0.5","2.5833333333333","","1","321","4.5","4.65","","3","363","4.5","4.6666666666667","","7","448","10","10.2","","3","993","7","7.9166666666667","","1","1131","7","7.15","","0","1200","5","5.1666666666667","","0","300","5","5.15","","Media","Media","1440","1210"
"7","10","25.2","1.0572552516931","1.0572552516931","","0","300","0.5","2.5833333333333","","1","321","4.5","4.65","","3","363","4.5","4.6666666666667","","7","448","10","10.2","","3","993","7","7.9166666666667","","1","1131","7","7.15","","0","1200","5","5.1666666666667","","0","300","5","5.15","","Media","Media","1440","1210"
"7","10","25.2","0.74353116387463","0.74353116387463","","0","300","0.5","2.5833333333333","","1","321","4.5","4.65","","3","363","4.5","4.6666666666667","","7","448","10","10.2","","3","993","7","7.9166666666667","","1","1131","7","7.15","","0","1200","5","5.1666666666667","","0","300","5","5.15","","Media","Media","1440","1210"
"7","10","25.2","0.89675138473826","0.89675138473826","","0","300","0.5","2.5833333333333","","1","321","4.5","4.65","","3","363","4.5","4.6666666666667","","7","448","10","10.2","","3","993","7","7.9166666666667","","1","1131","7","7.15","","0","1200","5","5.1666666666667","","0","300","5","5.15","","Media","Media","1440","1210"
"7","10","25.2","0.87820883721487","0.87820883721487","","0","300","0.5","2.5833333333333","","1","321","4.5","4.65","","3","363","4.5","4.6666666666667","","7","448","10","10.2","","3","993","7","7.9166666666667","","1","1131","7","7.15","","0","1200","5","5.1666666666667","","0","300","5","5.15","","Media","Media","1440","1210"
"7","30","25.75","1.0274503838194","1.0274503838194","","0","300","0.5","3.0166666666667","","1","321","4.5","4.6333333333333","","3","363","4.5","4.65","","7","448","30","30.183333333333","","3","993","7","7.9166666666667","","1","1131","7","7.1666666666667","","0","1200","5","5.15","","0","300","5","5.1333333333333","","Media","Media","1440","1255"
"7","30","25.75","0.87560618971797","0.87560618971797","","0","300","0.5","3.0166666666667","","1","321","4.5","4.6333333333333","","3","363","4.5","4.65","","7","448","30","30.183333333333","","3","993","7","7.9166666666667","","1","1131","7","7.1666666666667","","0","1200","5","5.15","","0","300","5","5.1333333333333","","Media","Media","1440","1255"
"7","30","25.75","0.76993958536507","0.76993958536507","","0","300","0.5","3.0166666666667","","1","321","4.5","4.6333333333333","","3","363","4.5","4.65","","7","448","30","30.183333333333","","3","993","7","7.9166666666667","","1","1131","7","7.1666666666667","","0","1200","5","5.15","","0","300","5","5.1333333333333","","Media","Media","1440","1255"
"7","30","25.75","0.91662177450586","0.91662177450586","","0","300","0.5","3.0166666666667","","1","321","4.5","4.6333333333333","","3","363","4.5","4.65","","7","448","30","30.183333333333","","3","993","7","7.9166666666667","","1","1131","7","7.1666666666667","","0","1200","5","5.15","","0","300","5","5.1333333333333","","Media","Media","1440","1255"
"7","30","25.75","0.80445076591985","0.80445076591985","","0","300","0.5","3.0166666666667","","1","321","4.5","4.6333333333333","","3","363","4.5","4.65","","7","448","30","30.183333333333","","3","993","7","7.9166666666667","","1","1131","7","7.1666666666667","","0","1200","5","5.15","","0","300","5","5.1333333333333","","Media","Media","1440","1255"
"7","60","25.5","0.43713177737126","0.43713177737126","","0","300","0.5","2.6833333333333","","1","321","4.5","4.95","","3","363","4.5","4.6833333333333","","7","448","60","60.333333333333","","3","993","7","7.9833333333333","","1","1131","7","7.15","","0","1200","5","5.1833333333333","","0","300","5","5.15","","Media","Media","1440","1315"
"7","60","25.5","0.33197714718571","0.33197714718571","","0","300","0.5","2.6833333333333","","1","321","4.5","4.95","","3","363","4.5","4.6833333333333","","7","448","60","60.333333333333","","3","993","7","7.9833333333333","","1","1131","7","7.15","","0","1200","5","5.1833333333333","","0","300","5","5.15","","Media","Media","1440","1315"
"7","60","25.5","0.44920363971537","0.44920363971537","","0","300","0.5","2.6833333333333","","1","321","4.5","4.95","","3","363","4.5","4.6833333333333","","7","448","60","60.333333333333","","3","993","7","7.9833333333333","","1","1131","7","7.15","","0","1200","5","5.1833333333333","","0","300","5","5.15","","Media","Media","1440","1315"
"7","60","25.5","0.39480860812065","0.39480860812065","","0","300","0.5","2.6833333333333","","1","321","4.5","4.95","","3","363","4.5","4.6833333333333","","7","448","60","60.333333333333","","3","993","7","7.9833333333333","","1","1131","7","7.15","","0","1200","5","5.1833333333333","","0","300","5","5.15","","Media","Media","1440","1315"
"7","60","25.5","0.37737196147482","0.37737196147482","","0","300","0.5","2.6833333333333","","1","321","4.5","4.95","","3","363","4.5","4.6833333333333","","7","448","60","60.333333333333","","3","993","7","7.9833333333333","","1","1131","7","7.15","","0","1200","5","5.1833333333333","","0","300","5","5.15","","Media","Media","1440","1315"
"","","","","","","","","","","","","","","","","","","","","","","","","","","","","","","","","","","","","","","","","","","","","","","","","",""
"Gly + DMSO + EG","","","","","","","","","","","","","","","","","","","","","","","","","","","","","","","","","","","","","","","","","","","","","","","","",""
"","","","","","","","","","","","","","","","","","","","","","","","","","","","","","","","","","","","","","","","","","","","","","","","","",""
"","","","","","","1","","","","","2","","","","","3","","","","","4","","","","","5","","","","","6","","","","","7","","","","","8","","","","","9","","",""
"","","","","","","","","","","","","","","","","","","","","","","","","","","","","","","","","","","","","","","","","","","","","","","","","",""
"Max Conc","Exp Time","Temp","Cell Viab","Adj Cell Viab","","a","b","c","d","","a","b","c","d","","a","b","c","d","","a","b","c","d","","a","b","c","d","","a","b","c","d","","a","b","c","d","","a","b","c","d","","a","b","c","d"
"","","","","","","","","","","","","","","","","","","","","","","","","","","","","","","","","","","","","","","","","","","","","","","","","",""
"7","5","25.75","0.85833108368225","0.85833108368225","","0","300","0.5","2.5666666666667","","1","319","4.5","4.6333333333333","","3","358","4.5","4.7","","7","436","5","5.3","","3","988","7","8.1833333333333","","1","1129","7","7.2","","0","1200","5","5.2","","0","300","5","5.15","","Media","Media","1440","1410"
"7","5","25.75","0.9320026724199","0.9320026724199","","0","300","0.5","2.5666666666667","","1","319","4.5","4.6333333333333","","3","358","4.5","4.7","","7","436","5","5.3","","3","988","7","8.1833333333333","","1","1129","7","7.2","","0","1200","5","5.2","","0","300","5","5.15","","Media","Media","1440","1410"
"7","5","25.75","0.99317658003855","0.99317658003855","","0","300","0.5","2.5666666666667","","1","319","4.5","4.6333333333333","","3","358","4.5","4.7","","7","436","5","5.3","","3","988","7","8.1833333333333","","1","1129","7","7.2","","0","1200","5","5.2","","0","300","5","5.15","","Media","Media","1440","1410"
"7","5","25.75","0.96398844164277","0.96398844164277","","0","300","0.5","2.5666666666667","","1","319","4.5","4.6333333333333","","3","358","4.5","4.7","","7","436","5","5.3","","3","988","7","8.1833333333333","","1","1129","7","7.2","","0","1200","5","5.2","","0","300","5","5.15","","Media","Media","1440","1410"
"7","5","25.75","0.92099795726975","0.92099795726975","","0","300","0.5","2.5666666666667","","1","319","4.5","4.6333333333333","","3","358","4.5","4.7","","7","436","5","5.3","","3","988","7","8.1833333333333","","1","1129","7","7.2","","0","1200","5","5.2","","0","300","5","5.15","","Media","Media","1440","1410"
"7","5","25.75","0.98599958518688","0.98599958518688","","0","300","0.5","2.5666666666667","","1","319","4.5","4.6333333333333","","3","358","4.5","4.7","","7","436","5","5.3","","3","988","7","8.1833333333333","","1","1129","7","7.2","","0","1200","5","5.2","","0","300","5","5.15","","Media","Media","1440","1410"
"7","10","25.2","1.0092429817043","1.0092429817043","","0","300","0.5","2.5833333333333","","1","319","4.5","4.65","","3","358","4.5","4.6666666666667","","7","436","10","10.2","","3","988","7","7.9166666666667","","1","1129","7","7.15","","0","1200","5","5.1666666666667","","0","300","5","5.15","","Media","Media","1440","1210"
"7","10","25.2","0.95917395251275","0.95917395251275","","0","300","0.5","2.5833333333333","","1","319","4.5","4.65","","3","358","4.5","4.6666666666667","","7","436","10","10.2","","3","988","7","7.9166666666667","","1","1129","7","7.15","","0","1200","5","5.1666666666667","","0","300","5","5.15","","Media","Media","1440","1210"
"7","10","25.2","0.90276932585635","0.90276932585635","","0","300","0.5","2.5833333333333","","1","319","4.5","4.65","","3","358","4.5","4.6666666666667","","7","436","10","10.2","","3","988","7","7.9166666666667","","1","1129","7","7.15","","0","1200","5","5.1666666666667","","0","300","5","5.15","","Media","Media","1440","1210"
"7","10","25.2","0.7721201594257","0.7721201594257","","0","300","0.5","2.5833333333333","","1","319","4.5","4.65","","3","358","4.5","4.6666666666667","","7","436","10","10.2","","3","988","7","7.9166666666667","","1","1129","7","7.15","","0","1200","5","5.1666666666667","","0","300","5","5.15","","Media","Media","1440","1210"
"7","10","25.2","0.85789484146463","0.85789484146463","","0","300","0.5","2.5833333333333","","1","319","4.5","4.65","","3","358","4.5","4.6666666666667","","7","436","10","10.2","","3","988","7","7.9166666666667","","1","1129","7","7.15","","0","1200","5","5.1666666666667","","0","300","5","5.15","","Media","Media","1440","1210"
"7","30","25.75","0.90305241620979","0.90305241620979","","0","300","0.5","3.0166666666667","","1","319","4.5","4.6333333333333","","3","358","4.5","4.65","","7","436","30","30.183333333333","","3","988","7","7.9166666666667","","1","1129","7","7.1666666666667","","0","1200","5","5.15","","0","300","5","5.1333333333333","","Media","Media","1440","1255"
"7","30","25.75","0.80270787243069","0.80270787243069","","0","300","0.5","3.0166666666667","","1","319","4.5","4.6333333333333","","3","358","4.5","4.65","","7","436","30","30.183333333333","","3","988","7","7.9166666666667","","1","1129","7","7.1666666666667","","0","1200","5","5.15","","0","300","5","5.1333333333333","","Media","Media","1440","1255"
"7","30","25.75","0.99095792340056","0.99095792340056","","0","300","0.5","3.0166666666667","","1","319","4.5","4.6333333333333","","3","358","4.5","4.65","","7","436","30","30.183333333333","","3","988","7","7.9166666666667","","1","1129","7","7.1666666666667","","0","1200","5","5.15","","0","300","5","5.1333333333333","","Media","Media","1440","1255"
"7","30","25.75","0.98980170528352","0.98980170528352","","0","300","0.5","3.0166666666667","","1","319","4.5","4.6333333333333","","3","358","4.5","4.65","","7","436","30","30.183333333333","","3","988","7","7.9166666666667","","1","1129","7","7.1666666666667","","0","1200","5","5.15","","0","300","5","5.1333333333333","","Media","Media","1440","1255"
"7","30","25.75","0.90826992614422","0.90826992614422","","0","300","0.5","3.0166666666667","","1","319","4.5","4.6333333333333","","3","358","4.5","4.65","","7","436","30","30.183333333333","","3","988","7","7.9166666666667","","1","1129","7","7.1666666666667","","0","1200","5","5.15","","0","300","5","5.1333333333333","","Media","Media","1440","1255"
"7","60","25.5","0.77087108654172","0.77087108654172","","0","300","0.5","2.6833333333333","","1","319","4.5","4.95","","3","358","4.5","4.6833333333333","","7","436","60","60.333333333333","","3","988","7","7.9833333333333","","1","1129","7","7.15","","0","1200","5","5.1833333333333","","0","300","5","5.15","","Media","Media","1440","1315"
"7","60","25.5","0.8392978786329","0.8392978786329","","0","300","0.5","2.6833333333333","","1","319","4.5","4.95","","3","358","4.5","4.6833333333333","","7","436","60","60.333333333333","","3","988","7","7.9833333333333","","1","1129","7","7.15","","0","1200","5","5.1833333333333","","0","300","5","5.15","","Media","Media","1440","1315"
"7","60","25.5","0.78465135203521","0.78465135203521","","0","300","0.5","2.6833333333333","","1","319","4.5","4.95","","3","358","4.5","4.6833333333333","","7","436","60","60.333333333333","","3","988","7","7.9833333333333","","1","1129","7","7.15","","0","1200","5","5.1833333333333","","0","300","5","5.15","","Media","Media","1440","1315"
"7","60","25.5","0.47415359001411","","","0","300","0.5","2.6833333333333","","1","319","4.5","4.95","","3","358","4.5","4.6833333333333","","7","436","60","60.333333333333","","3","988","7","7.9833333333333","","1","1129","7","7.15","","0","1200","5","5.1833333333333","","0","300","5","5.15","","Media","Media","1440","1315"
"7","60","25.5","0.81368062342716","0.81368062342716","","0","300","0.5","2.6833333333333","","1","319","4.5","4.95","","3","358","4.5","4.6833333333333","","7","436","60","60.333333333333","","3","988","7","7.9833333333333","","1","1129","7","7.15","","0","1200","5","5.1833333333333","","0","300","5","5.15","","Media","Media","1440","1315"
"","","","","","","","","","","","","","","","","","","","","","","","","","","","","","","","","","","","","","","","","","","","","","","","","",""
"Gly + DMSO + FA","","","","","","","","","","","","","","","","","","","","","","","","","","","","","","","","","","","","","","","","","","","","","","","","",""
"","","","","","","","","","","","","","","","","","","","","","","","","","","","","","","","","","","","","","","","","","","","","","","","","",""
"","","","","","","1","","","","","2","","","","","3","","","","","4","","","","","5","","","","","6","","","","","7","","","","","8","","","","","9","","",""
"","","","","","","","","","","","","","","","","","","","","","","","","","","","","","","","","","","","","","","","","","","","","","","","","",""
"Max Conc","Exp Time","Temp","Cell Viab","Adj Cell Viab","","a","b","c","d","","a","b","c","d","","a","b","c","d","","a","b","c","d","","a","b","c","d","","a","b","c","d","","a","b","c","d","","a","b","c","d","","a","b","c","d"
"","","","","","","","","","","","","","","","","","","","","","","","","","","","","","","","","","","","","","","","","","","","","","","","","",""
"7","5","25.75","1.0118345126422","1.0118345126422","","0","300","0.5","2.5666666666667","","1","318","4.5","4.6333333333333","","3","354","4.5","4.7","","7","426","5","5.3","","3","984","7","8.1833333333333","","1","1128","7","7.2","","0","1200","5","5.2","","0","300","5","5.15","","Media","Media","1440","1410"
"7","5","25.75","0.84157493464465","0.84157493464465","","0","300","0.5","2.5666666666667","","1","318","4.5","4.6333333333333","","3","354","4.5","4.7","","7","426","5","5.3","","3","984","7","8.1833333333333","","1","1128","7","7.2","","0","1200","5","5.2","","0","300","5","5.15","","Media","Media","1440","1410"
"7","5","25.75","1.0338677390623","1.0338677390623","","0","300","0.5","2.5666666666667","","1","318","4.5","4.6333333333333","","3","354","4.5","4.7","","7","426","5","5.3","","3","984","7","8.1833333333333","","1","1128","7","7.2","","0","1200","5","5.2","","0","300","5","5.15","","Media","Media","1440","1410"
"7","5","25.75","0.94568387439539","0.94568387439539","","0","300","0.5","2.5666666666667","","1","318","4.5","4.6333333333333","","3","354","4.5","4.7","","7","426","5","5.3","","3","984","7","8.1833333333333","","1","1128","7","7.2","","0","1200","5","5.2","","0","300","5","5.15","","Media","Media","1440","1410"
"7","5","25.75","1.2045879825356","1.2045879825356","","0","300","0.5","2.5666666666667","","1","318","4.5","4.6333333333333","","3","354","4.5","4.7","","7","426","5","5.3","","3","984","7","8.1833333333333","","1","1128","7","7.2","","0","1200","5","5.2","","0","300","5","5.15","","Media","Media","1440","1410"
"7","10","25.2","1.0206817082087","1.0206817082087","","0","300","0.5","2.5833333333333","","1","318","4.5","4.65","","3","354","4.5","4.6666666666667","","7","426","10","10.2","","3","984","7","7.9166666666667","","1","1128","7","7.15","","0","1200","5","5.1666666666667","","0","300","5","5.15","","Media","Media","1440","1210"
"7","10","25.2","0.9137612752251","0.9137612752251","","0","300","0.5","2.5833333333333","","1","318","4.5","4.65","","3","354","4.5","4.6666666666667","","7","426","10","10.2","","3","984","7","7.9166666666667","","1","1128","7","7.15","","0","1200","5","5.1666666666667","","0","300","5","5.15","","Media","Media","1440","1210"
"7","10","25.2","0.82916206649065","0.82916206649065","","0","300","0.5","2.5833333333333","","1","318","4.5","4.65","","3","354","4.5","4.6666666666667","","7","426","10","10.2","","3","984","7","7.9166666666667","","1","1128","7","7.15","","0","1200","5","5.1666666666667","","0","300","5","5.15","","Media","Media","1440","1210"
"7","10","25.2","0.88772190942153","0.88772190942153","","0","300","0.5","2.5833333333333","","1","318","4.5","4.65","","3","354","4.5","4.6666666666667","","7","426","10","10.2","","3","984","7","7.9166666666667","","1","1128","7","7.15","","0","1200","5","5.1666666666667","","0","300","5","5.15","","Media","Media","1440","1210"
"7","10","25.2","0.86658407394834","0.86658407394834","","0","300","0.5","2.5833333333333","","1","318","4.5","4.65","","3","354","4.5","4.6666666666667","","7","426","10","10.2","","3","984","7","7.9166666666667","","1","1128","7","7.15","","0","1200","5","5.1666666666667","","0","300","5","5.15","","Media","Media","1440","1210"
"7","30","25.75","0.76968937433915","0.76968937433915","","0","300","0.5","3.0166666666667","","1","318","4.5","4.6333333333333","","3","354","4.5","4.65","","7","426","30","30.183333333333","","3","984","7","7.9166666666667","","1","1128","7","7.1666666666667","","0","1200","5","5.15","","0","300","5","5.1333333333333","","Media","Media","1440","1255"
"7","30","25.75","0.84311634898482","0.84311634898482","","0","300","0.5","3.0166666666667","","1","318","4.5","4.6333333333333","","3","354","4.5","4.65","","7","426","30","30.183333333333","","3","984","7","7.9166666666667","","1","1128","7","7.1666666666667","","0","1200","5","5.15","","0","300","5","5.1333333333333","","Media","Media","1440","1255"
"7","30","25.75","0.81739601253965","0.81739601253965","","0","300","0.5","3.0166666666667","","1","318","4.5","4.6333333333333","","3","354","4.5","4.65","","7","426","30","30.183333333333","","3","984","7","7.9166666666667","","1","1128","7","7.1666666666667","","0","1200","5","5.15","","0","300","5","5.1333333333333","","Media","Media","1440","1255"
"7","30","25.75","0.57897308712508","","","0","300","0.5","3.0166666666667","","1","318","4.5","4.6333333333333","","3","354","4.5","4.65","","7","426","30","30.183333333333","","3","984","7","7.9166666666667","","1","1128","7","7.1666666666667","","0","1200","5","5.15","","0","300","5","5.1333333333333","","Media","Media","1440","1255"
"7","30","25.75","0.79324234058488","0.79324234058488","","0","300","0.5","3.0166666666667","","1","318","4.5","4.6333333333333","","3","354","4.5","4.65","","7","426","30","30.183333333333","","3","984","7","7.9166666666667","","1","1128","7","7.1666666666667","","0","1200","5","5.15","","0","300","5","5.1333333333333","","Media","Media","1440","1255"
"7","60","25.5","0.56383195162702","0.56383195162702","","0","300","0.5","2.6833333333333","","1","318","4.5","4.95","","3","354","4.5","4.6833333333333","","7","426","60","60.333333333333","","3","984","7","7.9833333333333","","1","1128","7","7.15","","0","1200","5","5.1833333333333","","0","300","5","5.15","","Media","Media","1440","1315"
"7","60","25.5","0.6612801826605","0.6612801826605","","0","300","0.5","2.6833333333333","","1","318","4.5","4.95","","3","354","4.5","4.6833333333333","","7","426","60","60.333333333333","","3","984","7","7.9833333333333","","1","1128","7","7.15","","0","1200","5","5.1833333333333","","0","300","5","5.15","","Media","Media","1440","1315"
"7","60","25.5","0.064148213468366","","","0","300","0.5","2.6833333333333","","1","318","4.5","4.95","","3","354","4.5","4.6833333333333","","7","426","60","60.333333333333","","3","984","7","7.9833333333333","","1","1128","7","7.15","","0","1200","5","5.1833333333333","","0","300","5","5.15","","Media","Media","1440","1315"
"7","60","25.5","0.65459742444592","0.65459742444592","","0","300","0.5","2.6833333333333","","1","318","4.5","4.95","","3","354","4.5","4.6833333333333","","7","426","60","60.333333333333","","3","984","7","7.9833333333333","","1","1128","7","7.15","","0","1200","5","5.1833333333333","","0","300","5","5.15","","Media","Media","1440","1315"
"7","60","25.5","0.73019551723635","0.73019551723635","","0","300","0.5","2.6833333333333","","1","318","4.5","4.95","","3","354","4.5","4.6833333333333","","7","426","60","60.333333333333","","3","984","7","7.9833333333333","","1","1128","7","7.15","","0","1200","5","5.1833333333333","","0","300","5","5.15","","Media","Media","1440","1315"
"","","","","","","","","","","","","","","","","","","","","","","","","","","","","","","","","","","","","","","","","","","","","","","","","",""
"Gly + PG + EG","","","","","","","","","","","","","","","","","","","","","","","","","","","","","","","","","","","","","","","","","","","","","","","","",""
"","","","","","","","","","","","","","","","","","","","","","","","","","","","","","","","","","","","","","","","","","","","","","","","","",""
"","","","","","","1","","","","","2","","","","","3","","","","","4","","","","","5","","","","","6","","","","","7","","","","","8","","","","","9","","",""
"","","","","","","","","","","","","","","","","","","","","","","","","","","","","","","","","","","","","","","","","","","","","","","","","",""
"Max Conc","Exp Time","Temp","Cell Viab","Adj Cell Viab","","a","b","c","d","","a","b","c","d","","a","b","c","d","","a","b","c","d","","a","b","c","d","","a","b","c","d","","a","b","c","d","","a","b","c","d","","a","b","c","d"
"","","","","","","","","","","","","","","","","","","","","","","","","","","","","","","","","","","","","","","","","","","","","","","","","",""
"7","5","25.75","1.0869962839453","1.0869962839453","","0","300","0.5","2.5666666666667","","1","320","4.5","4.6333333333333","","3","359","4.5","4.7","","7","438","5","5.3","","3","989","7","8.1833333333333","","1","1130","7","7.2","","0","1200","5","5.2","","0","300","5","5.15","","Media","Media","1440","1410"
"7","5","25.75","0.81814778975589","0.81814778975589","","0","300","0.5","2.5666666666667","","1","320","4.5","4.6333333333333","","3","359","4.5","4.7","","7","438","5","5.3","","3","989","7","8.1833333333333","","1","1130","7","7.2","","0","1200","5","5.2","","0","300","5","5.15","","Media","Media","1440","1410"
"7","5","25.75","1.0749568048606","1.0749568048606","","0","300","0.5","2.5666666666667","","1","320","4.5","4.6333333333333","","3","359","4.5","4.7","","7","438","5","5.3","","3","989","7","8.1833333333333","","1","1130","7","7.2","","0","1200","5","5.2","","0","300","5","5.15","","Media","Media","1440","1410"
"7","5","25.75","0.9330136616126","0.9330136616126","","0","300","0.5","2.5666666666667","","1","320","4.5","4.6333333333333","","3","359","4.5","4.7","","7","438","5","5.3","","3","989","7","8.1833333333333","","1","1130","7","7.2","","0","1200","5","5.2","","0","300","5","5.15","","Media","Media","1440","1410"
"7","5","25.75","1.0584969639953","1.0584969639953","","0","300","0.5","2.5666666666667","","1","320","4.5","4.6333333333333","","3","359","4.5","4.7","","7","438","5","5.3","","3","989","7","8.1833333333333","","1","1130","7","7.2","","0","1200","5","5.2","","0","300","5","5.15","","Media","Media","1440","1410"
"7","10","25.2","0.97497594136566","0.97497594136566","","0","300","0.5","2.5833333333333","","1","320","4.5","4.65","","3","359","4.5","4.6666666666667","","7","438","10","10.2","","3","989","7","7.9166666666667","","1","1130","7","7.15","","0","1200","5","5.1666666666667","","0","300","5","5.15","","Media","Media","1440","1210"
"7","10","25.2","0.95378687629447","0.95378687629447","","0","300","0.5","2.5833333333333","","1","320","4.5","4.65","","3","359","4.5","4.6666666666667","","7","438","10","10.2","","3","989","7","7.9166666666667","","1","1130","7","7.15","","0","1200","5","5.1666666666667","","0","300","5","5.15","","Media","Media","1440","1210"
"7","10","25.2","1.0911457197499","","","0","300","0.5","2.5833333333333","","1","320","4.5","4.65","","3","359","4.5","4.6666666666667","","7","438","10","10.2","","3","989","7","7.9166666666667","","1","1130","7","7.15","","0","1200","5","5.1666666666667","","0","300","5","5.15","","Media","Media","1440","1210"
"7","10","25.2","0.96068117150044","0.96068117150044","","0","300","0.5","2.5833333333333","","1","320","4.5","4.65","","3","359","4.5","4.6666666666667","","7","438","10","10.2","","3","989","7","7.9166666666667","","1","1130","7","7.15","","0","1200","5","5.1666666666667","","0","300","5","5.15","","Media","Media","1440","1210"
"7","10","25.2","0.97006176895117","0.97006176895117","","0","300","0.5","2.5833333333333","","1","320","4.5","4.65","","3","359","4.5","4.6666666666667","","7","438","10","10.2","","3","989","7","7.9166666666667","","1","1130","7","7.15","","0","1200","5","5.1666666666667","","0","300","5","5.15","","Media","Media","1440","1210"
"7","30","25.75","0.99946463854463","0.99946463854463","","0","300","0.5","3.0166666666667","","1","320","4.5","4.6333333333333","","3","359","4.5","4.65","","7","438","30","30.183333333333","","3","989","7","7.9166666666667","","1","1130","7","7.1666666666667","","0","1200","5","5.15","","0","300","5","5.1333333333333","","Media","Media","1440","1255"
"7","30","25.75","1.0028349172342","1.0028349172342","","0","300","0.5","3.0166666666667","","1","320","4.5","4.6333333333333","","3","359","4.5","4.65","","7","438","30","30.183333333333","","3","989","7","7.9166666666667","","1","1130","7","7.1666666666667","","0","1200","5","5.15","","0","300","5","5.1333333333333","","Media","Media","1440","1255"
"7","30","25.75","0.94601960792129","0.94601960792129","","0","300","0.5","3.0166666666667","","1","320","4.5","4.6333333333333","","3","359","4.5","4.65","","7","438","30","30.183333333333","","3","989","7","7.9166666666667","","1","1130","7","7.1666666666667","","0","1200","5","5.15","","0","300","5","5.1333333333333","","Media","Media","1440","1255"
"7","30","25.75","0.77272417811762","","","0","300","0.5","3.0166666666667","","1","320","4.5","4.6333333333333","","3","359","4.5","4.65","","7","438","30","30.183333333333","","3","989","7","7.9166666666667","","1","1130","7","7.1666666666667","","0","1200","5","5.15","","0","300","5","5.1333333333333","","Media","Media","1440","1255"
"7","30","25.75","1.0419782610414","1.0419782610414","","0","300","0.5","3.0166666666667","","1","320","4.5","4.6333333333333","","3","359","4.5","4.65","","7","438","30","30.183333333333","","3","989","7","7.9166666666667","","1","1130","7","7.1666666666667","","0","1200","5","5.15","","0","300","5","5.1333333333333","","Media","Media","1440","1255"
"7","60","25.5","0.54174794877461","0.54174794877461","","0","300","0.5","2.6833333333333","","1","320","4.5","4.95","","3","359","4.5","4.6833333333333","","7","438","60","60.333333333333","","3","989","7","7.9833333333333","","1","1130","7","7.15","","0","1200","5","5.1833333333333","","0","300","5","5.15","","Media","Media","1440","1315"
"7","60","25.5","0.055973649846786","","","0","300","0.5","2.6833333333333","","1","320","4.5","4.95","","3","359","4.5","4.6833333333333","","7","438","60","60.333333333333","","3","989","7","7.9833333333333","","1","1130","7","7.15","","0","1200","5","5.1833333333333","","0","300","5","5.15","","Media","Media","1440","1315"
"7","60","25.5","0.55413505188935","0.55413505188935","","0","300","0.5","2.6833333333333","","1","320","4.5","4.95","","3","359","4.5","4.6833333333333","","7","438","60","60.333333333333","","3","989","7","7.9833333333333","","1","1130","7","7.15","","0","1200","5","5.1833333333333","","0","300","5","5.15","","Media","Media","1440","1315"
"7","60","25.5","0.47979831800522","0.47979831800522","","0","300","0.5","2.6833333333333","","1","320","4.5","4.95","","3","359","4.5","4.6833333333333","","7","438","60","60.333333333333","","3","989","7","7.9833333333333","","1","1130","7","7.15","","0","1200","5","5.1833333333333","","0","300","5","5.15","","Media","Media","1440","1315"
"7","60","25.5","0.57060808047002","0.57060808047002","","0","300","0.5","2.6833333333333","","1","320","4.5","4.95","","3","359","4.5","4.6833333333333","","7","438","60","60.333333333333","","3","989","7","7.9833333333333","","1","1130","7","7.15","","0","1200","5","5.1833333333333","","0","300","5","5.15","","Media","Media","1440","1315"
"7","60","25.5","0.60902590282091","0.60902590282091","","0","300","0.5","2.6833333333333","","1","320","4.5","4.95","","3","359","4.5","4.6833333333333","","7","438","60","60.333333333333","","3","989","7","7.9833333333333","","1","1130","7","7.15","","0","1200","5","5.1833333333333","","0","300","5","5.15","","Media","Media","1440","1315"
"","","","","","","","","","","","","","","","","","","","","","","","","","","","","","","","","","","","","","","","","","","","","","","","","",""
"Gly + PG + FA","","","","","","","","","","","","","","","","","","","","","","","","","","","","","","","","","","","","","","","","","","","","","","","","",""
"","","","","","","","","","","","","","","","","","","","","","","","","","","","","","","","","","","","","","","","","","","","","","","","","",""
"","","","","","","1","","","","","2","","","","","3","","","","","4","","","","","5","","","","","6","","","","","7","","","","","8","","","","","9","","",""
"","","","","","","","","","","","","","","","","","","","","","","","","","","","","","","","","","","","","","","","","","","","","","","","","",""
"Max Conc","Exp Time","Temp","Cell Viab","Adj Cell Viab","","a","b","c","d","","a","b","c","d","","a","b","c","d","","a","b","c","d","","a","b","c","d","","a","b","c","d","","a","b","c","d","","a","b","c","d","","a","b","c","d"
"","","","","","","","","","","","","","","","","","","","","","","","","","","","","","","","","","","","","","","","","","","","","","","","","",""
"7","5","25.75","0.84342829982299","","","0","300","0.5","2.5666666666667","","1","318","4.5","4.6333333333333","","3","355","4.5","4.7","","7","427","5","5.3","","3","985","7","8.1833333333333","","1","1128","7","7.2","","0","1200","5","5.2","","0","300","5","5.15","","Media","Media","1440","1410"
"7","5","25.75","0.99957832016248","0.99957832016248","","0","300","0.5","2.5666666666667","","1","318","4.5","4.6333333333333","","3","355","4.5","4.7","","7","427","5","5.3","","3","985","7","8.1833333333333","","1","1128","7","7.2","","0","1200","5","5.2","","0","300","5","5.15","","Media","Media","1440","1410"
"7","5","25.75","1.0024751301774","1.0024751301774","","0","300","0.5","2.5666666666667","","1","318","4.5","4.6333333333333","","3","355","4.5","4.7","","7","427","5","5.3","","3","985","7","8.1833333333333","","1","1128","7","7.2","","0","1200","5","5.2","","0","300","5","5.15","","Media","Media","1440","1410"
"7","5","25.75","0.98414072596129","0.98414072596129","","0","300","0.5","2.5666666666667","","1","318","4.5","4.6333333333333","","3","355","4.5","4.7","","7","427","5","5.3","","3","985","7","8.1833333333333","","1","1128","7","7.2","","0","1200","5","5.2","","0","300","5","5.15","","Media","Media","1440","1410"
"7","5","25.75","1.1933201710492","","","0","300","0.5","2.5666666666667","","1","318","4.5","4.6333333333333","","3","355","4.5","4.7","","7","427","5","5.3","","3","985","7","8.1833333333333","","1","1128","7","7.2","","0","1200","5","5.2","","0","300","5","5.15","","Media","Media","1440","1410"
"7","10","25.2","0.79197189240923","0.79197189240923","","0","300","0.5","2.5833333333333","","1","318","4.5","4.65","","3","355","4.5","4.6666666666667","","7","427","10","10.2","","3","985","7","7.9166666666667","","1","1128","7","7.15","","0","1200","5","5.1666666666667","","0","300","5","5.15","","Media","Media","1440","1210"
"7","10","25.2","0.98753903935332","0.98753903935332","","0","300","0.5","2.5833333333333","","1","318","4.5","4.65","","3","355","4.5","4.6666666666667","","7","427","10","10.2","","3","985","7","7.9166666666667","","1","1128","7","7.15","","0","1200","5","5.1666666666667","","0","300","5","5.15","","Media","Media","1440","1210"
"7","10","25.2","0.89218483295052","0.89218483295052","","0","300","0.5","2.5833333333333","","1","318","4.5","4.65","","3","355","4.5","4.6666666666667","","7","427","10","10.2","","3","985","7","7.9166666666667","","1","1128","7","7.15","","0","1200","5","5.1666666666667","","0","300","5","5.15","","Media","Media","1440","1210"
"7","10","25.2","0.98558386661782","0.98558386661782","","0","300","0.5","2.5833333333333","","1","318","4.5","4.65","","3","355","4.5","4.6666666666667","","7","427","10","10.2","","3","985","7","7.9166666666667","","1","1128","7","7.15","","0","1200","5","5.1666666666667","","0","300","5","5.15","","Media","Media","1440","1210"
"7","10","25.2","0.84304314685466","0.84304314685466","","0","300","0.5","2.5833333333333","","1","318","4.5","4.65","","3","355","4.5","4.6666666666667","","7","427","10","10.2","","3","985","7","7.9166666666667","","1","1128","7","7.15","","0","1200","5","5.1666666666667","","0","300","5","5.15","","Media","Media","1440","1210"
"7","30","25.75","0.63830936079815","0.63830936079815","","0","300","0.5","3.0166666666667","","1","318","4.5","4.6333333333333","","3","355","4.5","4.65","","7","427","30","30.183333333333","","3","985","7","7.9166666666667","","1","1128","7","7.1666666666667","","0","1200","5","5.15","","0","300","5","5.1333333333333","","Media","Media","1440","1255"
"7","30","25.75","0.62076536393007","0.62076536393007","","0","300","0.5","3.0166666666667","","1","318","4.5","4.6333333333333","","3","355","4.5","4.65","","7","427","30","30.183333333333","","3","985","7","7.9166666666667","","1","1128","7","7.1666666666667","","0","1200","5","5.15","","0","300","5","5.1333333333333","","Media","Media","1440","1255"
"7","30","25.75","0.71906676738493","0.71906676738493","","0","300","0.5","3.0166666666667","","1","318","4.5","4.6333333333333","","3","355","4.5","4.65","","7","427","30","30.183333333333","","3","985","7","7.9166666666667","","1","1128","7","7.1666666666667","","0","1200","5","5.15","","0","300","5","5.1333333333333","","Media","Media","1440","1255"
"7","30","25.75","0.75189713661963","0.75189713661963","","0","300","0.5","3.0166666666667","","1","318","4.5","4.6333333333333","","3","355","4.5","4.65","","7","427","30","30.183333333333","","3","985","7","7.9166666666667","","1","1128","7","7.1666666666667","","0","1200","5","5.15","","0","300","5","5.1333333333333","","Media","Media","1440","1255"
"7","30","25.75","0.56533790894133","0.56533790894133","","0","300","0.5","3.0166666666667","","1","318","4.5","4.6333333333333","","3","355","4.5","4.65","","7","427","30","30.183333333333","","3","985","7","7.9166666666667","","1","1128","7","7.1666666666667","","0","1200","5","5.15","","0","300","5","5.1333333333333","","Media","Media","1440","1255"
"7","60","25.5","0.32016923198276","0.32016923198276","","0","300","0.5","2.6833333333333","","1","318","4.5","4.95","","3","355","4.5","4.6833333333333","","7","427","60","60.333333333333","","3","985","7","7.9833333333333","","1","1128","7","7.15","","0","1200","5","5.1833333333333","","0","300","5","5.15","","Media","Media","1440","1315"
"7","60","25.5","0.46609440257809","","","0","300","0.5","2.6833333333333","","1","318","4.5","4.95","","3","355","4.5","4.6833333333333","","7","427","60","60.333333333333","","3","985","7","7.9833333333333","","1","1128","7","7.15","","0","1200","5","5.1833333333333","","0","300","5","5.15","","Media","Media","1440","1315"
"7","60","25.5","0.046286604630271","","","0","300","0.5","2.6833333333333","","1","318","4.5","4.95","","3","355","4.5","4.6833333333333","","7","427","60","60.333333333333","","3","985","7","7.9833333333333","","1","1128","7","7.15","","0","1200","5","5.1833333333333","","0","300","5","5.15","","Media","Media","1440","1315"
"7","60","25.5","0.35867511629826","0.35867511629826","","0","300","0.5","2.6833333333333","","1","318","4.5","4.95","","3","355","4.5","4.6833333333333","","7","427","60","60.333333333333","","3","985","7","7.9833333333333","","1","1128","7","7.15","","0","1200","5","5.1833333333333","","0","300","5","5.15","","Media","Media","1440","1315"
"7","60","25.5","0.32266639981856","0.32266639981856","","0","300","0.5","2.6833333333333","","1","318","4.5","4.95","","3","355","4.5","4.6833333333333","","7","427","60","60.333333333333","","3","985","7","7.9833333333333","","1","1128","7","7.15","","0","1200","5","5.1833333333333","","0","300","5","5.15","","Media","Media","1440","1315"
"","","","","","","","","","","","","","","","","","","","","","","","","","","","","","","","","","","","","","","","","","","","","","","","","",""
"Gly + EG + FA","","","","","","","","","","","","","","","","","","","","","","","","","","","","","","","","","","","","","","","","","","","","","","","","",""
"","","","","","","","","","","","","","","","","","","","","","","","","","","","","","","","","","","","","","","","","","","","","","","","","",""
"","","","","","","1","","","","","2","","","","","3","","","","","4","","","","","5","","","","","6","","","","","7","","","","","8","","","","","9","","",""
"","","","","","","","","","","","","","","","","","","","","","","","","","","","","","","","","","","","","","","","","","","","","","","","","",""
"Max Conc","Exp Time","Temp","Cell Viab","Adj Cell Viab","","a","b","c","d","","a","b","c","d","","a","b","c","d","","a","b","c","d","","a","b","c","d","","a","b","c","d","","a","b","c","d","","a","b","c","d","","a","b","c","d"
"","","","","","","","","","","","","","","","","","","","","","","","","","","","","","","","","","","","","","","","","","","","","","","","","",""
"7","5","25.75","0.94961110127412","0.94961110127412","","0","300","0.5","2.5666666666667","","1","317","4.5","4.6333333333333","","3","350","4.5","4.7","","7","416","5","5.3","","3","980","7","8.1833333333333","","1","1127","7","7.2","","0","1200","5","5.2","","0","300","5","5.15","","Media","Media","1440","1410"
"7","5","25.75","0.92400094811998","0.92400094811998","","0","300","0.5","2.5666666666667","","1","317","4.5","4.6333333333333","","3","350","4.5","4.7","","7","416","5","5.3","","3","980","7","8.1833333333333","","1","1127","7","7.2","","0","1200","5","5.2","","0","300","5","5.15","","Media","Media","1440","1410"
"7","5","25.75","0.92820119608163","0.92820119608163","","0","300","0.5","2.5666666666667","","1","317","4.5","4.6333333333333","","3","350","4.5","4.7","","7","416","5","5.3","","3","980","7","8.1833333333333","","1","1127","7","7.2","","0","1200","5","5.2","","0","300","5","5.15","","Media","Media","1440","1410"
"7","5","25.75","1.0016996842374","1.0016996842374","","0","300","0.5","2.5666666666667","","1","317","4.5","4.6333333333333","","3","350","4.5","4.7","","7","416","5","5.3","","3","980","7","8.1833333333333","","1","1127","7","7.2","","0","1200","5","5.2","","0","300","5","5.15","","Media","Media","1440","1410"
"7","5","25.75","1.1522136579706","1.1522136579706","","0","300","0.5","2.5666666666667","","1","317","4.5","4.6333333333333","","3","350","4.5","4.7","","7","416","5","5.3","","3","980","7","8.1833333333333","","1","1127","7","7.2","","0","1200","5","5.2","","0","300","5","5.15","","Media","Media","1440","1410"
"7","10","25.2","1.0121803260213","1.0121803260213","","0","300","0.5","2.5833333333333","","1","317","4.5","4.65","","3","350","4.5","4.6666666666667","","7","416","10","10.2","","3","980","7","7.9166666666667","","1","1127","7","7.15","","0","1200","5","5.1666666666667","","0","300","5","5.15","","Media","Media","1440","1210"
"7","10","25.2","0.7396108790099","0.7396108790099","","0","300","0.5","2.5833333333333","","1","317","4.5","4.65","","3","350","4.5","4.6666666666667","","7","416","10","10.2","","3","980","7","7.9166666666667","","1","1127","7","7.15","","0","1200","5","5.1666666666667","","0","300","5","5.15","","Media","Media","1440","1210"
"7","10","25.2","1.3123902787955","1.3123902787955","","0","300","0.5","2.5833333333333","","1","317","4.5","4.65","","3","350","4.5","4.6666666666667","","7","416","10","10.2","","3","980","7","7.9166666666667","","1","1127","7","7.15","","0","1200","5","5.1666666666667","","0","300","5","5.15","","Media","Media","1440","1210"
"7","10","25.2","1.0219443282314","1.0219443282314","","0","300","0.5","2.5833333333333","","1","317","4.5","4.65","","3","350","4.5","4.6666666666667","","7","416","10","10.2","","3","980","7","7.9166666666667","","1","1127","7","7.15","","0","1200","5","5.1666666666667","","0","300","5","5.15","","Media","Media","1440","1210"
"7","10","25.2","0.80832934572454","0.80832934572454","","0","300","0.5","2.5833333333333","","1","317","4.5","4.65","","3","350","4.5","4.6666666666667","","7","416","10","10.2","","3","980","7","7.9166666666667","","1","1127","7","7.15","","0","1200","5","5.1666666666667","","0","300","5","5.15","","Media","Media","1440","1210"
"7","30","25.75","0.94325236668847","0.94325236668847","","0","300","0.5","3.0166666666667","","1","317","4.5","4.6333333333333","","3","350","4.5","4.65","","7","416","30","30.183333333333","","3","980","7","7.9166666666667","","1","1127","7","7.1666666666667","","0","1200","5","5.15","","0","300","5","5.1333333333333","","Media","Media","1440","1255"
"7","30","25.75","0.92704939736357","0.92704939736357","","0","300","0.5","3.0166666666667","","1","317","4.5","4.6333333333333","","3","350","4.5","4.65","","7","416","30","30.183333333333","","3","980","7","7.9166666666667","","1","1127","7","7.1666666666667","","0","1200","5","5.15","","0","300","5","5.1333333333333","","Media","Media","1440","1255"
"7","30","25.75","0.87759977661004","0.87759977661004","","0","300","0.5","3.0166666666667","","1","317","4.5","4.6333333333333","","3","350","4.5","4.65","","7","416","30","30.183333333333","","3","980","7","7.9166666666667","","1","1127","7","7.1666666666667","","0","1200","5","5.15","","0","300","5","5.1333333333333","","Media","Media","1440","1255"
"7","30","25.75","0.77609187673472","0.77609187673472","","0","300","0.5","3.0166666666667","","1","317","4.5","4.6333333333333","","3","350","4.5","4.65","","7","416","30","30.183333333333","","3","980","7","7.9166666666667","","1","1127","7","7.1666666666667","","0","1200","5","5.15","","0","300","5","5.1333333333333","","Media","Media","1440","1255"
"7","30","25.75","0.8533828635957","0.8533828635957","","0","300","0.5","3.0166666666667","","1","317","4.5","4.6333333333333","","3","350","4.5","4.65","","7","416","30","30.183333333333","","3","980","7","7.9166666666667","","1","1127","7","7.1666666666667","","0","1200","5","5.15","","0","300","5","5.1333333333333","","Media","Media","1440","1255"
"7","60","25.5","0.54040444917665","0.54040444917665","","0","300","0.5","2.6833333333333","","1","317","4.5","4.95","","3","350","4.5","4.6833333333333","","7","416","60","60.333333333333","","3","980","7","7.9833333333333","","1","1127","7","7.15","","0","1200","5","5.1833333333333","","0","300","5","5.15","","Media","Media","1440","1315"
"7","60","25.5","0.63083136888197","0.63083136888197","","0","300","0.5","2.6833333333333","","1","317","4.5","4.95","","3","350","4.5","4.6833333333333","","7","416","60","60.333333333333","","3","980","7","7.9833333333333","","1","1127","7","7.15","","0","1200","5","5.1833333333333","","0","300","5","5.15","","Media","Media","1440","1315"
"7","60","25.5","0.67171336646154","0.67171336646154","","0","300","0.5","2.6833333333333","","1","317","4.5","4.95","","3","350","4.5","4.6833333333333","","7","416","60","60.333333333333","","3","980","7","7.9833333333333","","1","1127","7","7.15","","0","1200","5","5.1833333333333","","0","300","5","5.15","","Media","Media","1440","1315"
"7","60","25.5","0.61119416557942","0.61119416557942","","0","300","0.5","2.6833333333333","","1","317","4.5","4.95","","3","350","4.5","4.6833333333333","","7","416","60","60.333333333333","","3","980","7","7.9833333333333","","1","1127","7","7.15","","0","1200","5","5.1833333333333","","0","300","5","5.15","","Media","Media","1440","1315"
"7","60","25.5","0.68073875748153","0.68073875748153","","0","300","0.5","2.6833333333333","","1","317","4.5","4.95","","3","350","4.5","4.6833333333333","","7","416","60","60.333333333333","","3","980","7","7.9833333333333","","1","1127","7","7.15","","0","1200","5","5.1833333333333","","0","300","5","5.15","","Media","Media","1440","1315"
"","","","","","","","","","","","","","","","","","","","","","","","","","","","","","","","","","","","","","","","","","","","","","","","","",""
"DMSO + PG + EG","","","","","","","","","","","","","","","","","","","","","","","","","","","","","","","","","","","","","","","","","","","","","","","","",""
"","","","","","","","","","","","","","","","","","","","","","","","","","","","","","","","","","","","","","","","","","","","","","","","","",""
"","","","","","","1","","","","","2","","","","","3","","","","","4","","","","","5","","","","","6","","","","","7","","","","","8","","","","","9","","",""
"","","","","","","","","","","","","","","","","","","","","","","","","","","","","","","","","","","","","","","","","","","","","","","","","",""
"Max Conc","Exp Time","Temp","Cell Viab","Adj Cell Viab","","a","b","c","d","","a","b","c","d","","a","b","c","d","","a","b","c","d","","a","b","c","d","","a","b","c","d","","a","b","c","d","","a","b","c","d","","a","b","c","d"
"","","","","","","","","","","","","","","","","","","","","","","","","","","","","","","","","","","","","","","","","","","","","","","","","",""
"7","5","25.75","0.78584891324857","0.78584891324857","","0","300","0.5","2.5666666666667","","1","319","4.5","4.6333333333333","","3","358","4.5","4.7","","7","436","5","5.3","","3","988","7","8.1833333333333","","1","1129","7","7.2","","0","1200","5","5.2","","0","300","5","5.15","","Media","Media","1440","1410"
"7","5","25.75","0.91189021565325","0.91189021565325","","0","300","0.5","2.5666666666667","","1","319","4.5","4.6333333333333","","3","358","4.5","4.7","","7","436","5","5.3","","3","988","7","8.1833333333333","","1","1129","7","7.2","","0","1200","5","5.2","","0","300","5","5.15","","Media","Media","1440","1410"
"7","5","25.75","0.9033586532224","0.9033586532224","","0","300","0.5","2.5666666666667","","1","319","4.5","4.6333333333333","","3","358","4.5","4.7","","7","436","5","5.3","","3","988","7","8.1833333333333","","1","1129","7","7.2","","0","1200","5","5.2","","0","300","5","5.15","","Media","Media","1440","1410"
"7","5","25.75","0.96175213333047","0.96175213333047","","0","300","0.5","2.5666666666667","","1","319","4.5","4.6333333333333","","3","358","4.5","4.7","","7","436","5","5.3","","3","988","7","8.1833333333333","","1","1129","7","7.2","","0","1200","5","5.2","","0","300","5","5.15","","Media","Media","1440","1410"
"7","5","25.75","1.1646973861811","","","0","300","0.5","2.5666666666667","","1","319","4.5","4.6333333333333","","3","358","4.5","4.7","","7","436","5","5.3","","3","988","7","8.1833333333333","","1","1129","7","7.2","","0","1200","5","5.2","","0","300","5","5.15","","Media","Media","1440","1410"
"7","10","25.2","0.95769805872491","0.95769805872491","","0","300","0.5","2.5833333333333","","1","319","4.5","4.65","","3","358","4.5","4.6666666666667","","7","436","10","10.2","","3","988","7","7.9166666666667","","1","1129","7","7.15","","0","1200","5","5.1666666666667","","0","300","5","5.15","","Media","Media","1440","1210"
"7","10","25.2","0.86906058247707","0.86906058247707","","0","300","0.5","2.5833333333333","","1","319","4.5","4.65","","3","358","4.5","4.6666666666667","","7","436","10","10.2","","3","988","7","7.9166666666667","","1","1129","7","7.15","","0","1200","5","5.1666666666667","","0","300","5","5.15","","Media","Media","1440","1210"
"7","10","25.2","1.0687597029455","1.0687597029455","","0","300","0.5","2.5833333333333","","1","319","4.5","4.65","","3","358","4.5","4.6666666666667","","7","436","10","10.2","","3","988","7","7.9166666666667","","1","1129","7","7.15","","0","1200","5","5.1666666666667","","0","300","5","5.15","","Media","Media","1440","1210"
"7","10","25.2","1.0254537203705","1.0254537203705","","0","300","0.5","2.5833333333333","","1","319","4.5","4.65","","3","358","4.5","4.6666666666667","","7","436","10","10.2","","3","988","7","7.9166666666667","","1","1129","7","7.15","","0","1200","5","5.1666666666667","","0","300","5","5.15","","Media","Media","1440","1210"
"7","10","25.2","0.94229819547778","0.94229819547778","","0","300","0.5","2.5833333333333","","1","319","4.5","4.65","","3","358","4.5","4.6666666666667","","7","436","10","10.2","","3","988","7","7.9166666666667","","1","1129","7","7.15","","0","1200","5","5.1666666666667","","0","300","5","5.15","","Media","Media","1440","1210"
"7","30","25.75","0.89379231020307","0.89379231020307","","0","300","0.5","3.0166666666667","","1","319","4.5","4.6333333333333","","3","358","4.5","4.65","","7","436","30","30.183333333333","","3","988","7","7.9166666666667","","1","1129","7","7.1666666666667","","0","1200","5","5.15","","0","300","5","5.1333333333333","","Media","Media","1440","1255"
"7","30","25.75","0.94513501310803","0.94513501310803","","0","300","0.5","3.0166666666667","","1","319","4.5","4.6333333333333","","3","358","4.5","4.65","","7","436","30","30.183333333333","","3","988","7","7.9166666666667","","1","1129","7","7.1666666666667","","0","1200","5","5.15","","0","300","5","5.1333333333333","","Media","Media","1440","1255"
"7","30","25.75","0.84617653781134","0.84617653781134","","0","300","0.5","3.0166666666667","","1","319","4.5","4.6333333333333","","3","358","4.5","4.65","","7","436","30","30.183333333333","","3","988","7","7.9166666666667","","1","1129","7","7.1666666666667","","0","1200","5","5.15","","0","300","5","5.1333333333333","","Media","Media","1440","1255"
"7","30","25.75","0.8519000284949","0.8519000284949","","0","300","0.5","3.0166666666667","","1","319","4.5","4.6333333333333","","3","358","4.5","4.65","","7","436","30","30.183333333333","","3","988","7","7.9166666666667","","1","1129","7","7.1666666666667","","0","1200","5","5.15","","0","300","5","5.1333333333333","","Media","Media","1440","1255"
"7","30","25.75","0.86833410347071","0.86833410347071","","0","300","0.5","3.0166666666667","","1","319","4.5","4.6333333333333","","3","358","4.5","4.65","","7","436","30","30.183333333333","","3","988","7","7.9166666666667","","1","1129","7","7.1666666666667","","0","1200","5","5.15","","0","300","5","5.1333333333333","","Media","Media","1440","1255"
"7","60","25.5","0.70250854867569","0.70250854867569","","0","300","0.5","2.6833333333333","","1","319","4.5","4.95","","3","358","4.5","4.6833333333333","","7","436","60","60.333333333333","","3","988","7","7.9833333333333","","1","1129","7","7.15","","0","1200","5","5.1833333333333","","0","300","5","5.15","","Media","Media","1440","1315"
"7","60","25.5","0.76424432424456","0.76424432424456","","0","300","0.5","2.6833333333333","","1","319","4.5","4.95","","3","358","4.5","4.6833333333333","","7","436","60","60.333333333333","","3","988","7","7.9833333333333","","1","1129","7","7.15","","0","1200","5","5.1833333333333","","0","300","5","5.15","","Media","Media","1440","1315"
"7","60","25.5","0.65861858941523","0.65861858941523","","0","300","0.5","2.6833333333333","","1","319","4.5","4.95","","3","358","4.5","4.6833333333333","","7","436","60","60.333333333333","","3","988","7","7.9833333333333","","1","1129","7","7.15","","0","1200","5","5.1833333333333","","0","300","5","5.15","","Media","Media","1440","1315"
"7","60","25.5","0.84988316699635","0.84988316699635","","0","300","0.5","2.6833333333333","","1","319","4.5","4.95","","3","358","4.5","4.6833333333333","","7","436","60","60.333333333333","","3","988","7","7.9833333333333","","1","1129","7","7.15","","0","1200","5","5.1833333333333","","0","300","5","5.15","","Media","Media","1440","1315"
"7","60","25.5","0.83975865654826","0.83975865654826","","0","300","0.5","2.6833333333333","","1","319","4.5","4.95","","3","358","4.5","4.6833333333333","","7","436","60","60.333333333333","","3","988","7","7.9833333333333","","1","1129","7","7.15","","0","1200","5","5.1833333333333","","0","300","5","5.15","","Media","Media","1440","1315"
"","","","","","","","","","","","","","","","","","","","","","","","","","","","","","","","","","","","","","","","","","","","","","","","","",""
"DMSO + PG + FA","","","","","","","","","","","","","","","","","","","","","","","","","","","","","","","","","","","","","","","","","","","","","","","","",""
"","","","","","","","","","","","","","","","","","","","","","","","","","","","","","","","","","","","","","","","","","","","","","","","","",""
"","","","","","","1","","","","","2","","","","","3","","","","","4","","","","","5","","","","","6","","","","","7","","","","","8","","","","","9","","",""
"","","","","","","","","","","","","","","","","","","","","","","","","","","","","","","","","","","","","","","","","","","","","","","","","",""
"Max Conc","Exp Time","Temp","Cell Viab","Adj Cell Viab","","a","b","c","d","","a","b","c","d","","a","b","c","d","","a","b","c","d","","a","b","c","d","","a","b","c","d","","a","b","c","d","","a","b","c","d","","a","b","c","d"
"","","","","","","","","","","","","","","","","","","","","","","","","","","","","","","","","","","","","","","","","","","","","","","","","",""
"7","5","25.75","0.86101379663559","0.86101379663559","","0","300","0.5","2.5666666666667","","1","318","4.5","4.6333333333333","","3","354","4.5","4.7","","7","426","5","5.3","","3","984","7","8.1833333333333","","1","1128","7","7.2","","0","1200","5","5.2","","0","300","5","5.15","","Media","Media","1440","1410"
"7","5","25.75","0.85456027850289","0.85456027850289","","0","300","0.5","2.5666666666667","","1","318","4.5","4.6333333333333","","3","354","4.5","4.7","","7","426","5","5.3","","3","984","7","8.1833333333333","","1","1128","7","7.2","","0","1200","5","5.2","","0","300","5","5.15","","Media","Media","1440","1410"
"7","5","25.75","0.72643926220485","0.72643926220485","","0","300","0.5","2.5666666666667","","1","318","4.5","4.6333333333333","","3","354","4.5","4.7","","7","426","5","5.3","","3","984","7","8.1833333333333","","1","1128","7","7.2","","0","1200","5","5.2","","0","300","5","5.15","","Media","Media","1440","1410"
"7","5","25.75","0.94572703316582","0.94572703316582","","0","300","0.5","2.5666666666667","","1","318","4.5","4.6333333333333","","3","354","4.5","4.7","","7","426","5","5.3","","3","984","7","8.1833333333333","","1","1128","7","7.2","","0","1200","5","5.2","","0","300","5","5.15","","Media","Media","1440","1410"
"7","5","25.75","0.94777332145126","0.94777332145126","","0","300","0.5","2.5666666666667","","1","318","4.5","4.6333333333333","","3","354","4.5","4.7","","7","426","5","5.3","","3","984","7","8.1833333333333","","1","1128","7","7.2","","0","1200","5","5.2","","0","300","5","5.15","","Media","Media","1440","1410"
"7","10","25.2","0.74880094764514","0.74880094764514","","0","300","0.5","2.5833333333333","","1","318","4.5","4.65","","3","354","4.5","4.6666666666667","","7","426","10","10.2","","3","984","7","7.9166666666667","","1","1128","7","7.15","","0","1200","5","5.1666666666667","","0","300","5","5.15","","Media","Media","1440","1210"
"7","10","25.2","0.79746538396022","0.79746538396022","","0","300","0.5","2.5833333333333","","1","318","4.5","4.65","","3","354","4.5","4.6666666666667","","7","426","10","10.2","","3","984","7","7.9166666666667","","1","1128","7","7.15","","0","1200","5","5.1666666666667","","0","300","5","5.15","","Media","Media","1440","1210"
"7","10","25.2","0.82874498545536","0.82874498545536","","0","300","0.5","2.5833333333333","","1","318","4.5","4.65","","3","354","4.5","4.6666666666667","","7","426","10","10.2","","3","984","7","7.9166666666667","","1","1128","7","7.15","","0","1200","5","5.1666666666667","","0","300","5","5.15","","Media","Media","1440","1210"
"7","10","25.2","0.75139518231419","0.75139518231419","","0","300","0.5","2.5833333333333","","1","318","4.5","4.65","","3","354","4.5","4.6666666666667","","7","426","10","10.2","","3","984","7","7.9166666666667","","1","1128","7","7.15","","0","1200","5","5.1666666666667","","0","300","5","5.15","","Media","Media","1440","1210"
"7","10","25.2","0.99675207036625","0.99675207036625","","0","300","0.5","2.5833333333333","","1","318","4.5","4.65","","3","354","4.5","4.6666666666667","","7","426","10","10.2","","3","984","7","7.9166666666667","","1","1128","7","7.15","","0","1200","5","5.1666666666667","","0","300","5","5.15","","Media","Media","1440","1210"
"7","30","25.75","0.54312538423283","0.54312538423283","","0","300","0.5","3.0166666666667","","1","318","4.5","4.6333333333333","","3","354","4.5","4.65","","7","426","30","30.183333333333","","3","984","7","7.9166666666667","","1","1128","7","7.1666666666667","","0","1200","5","5.15","","0","300","5","5.1333333333333","","Media","Media","1440","1255"
"7","30","25.75","0.6277715286436","0.6277715286436","","0","300","0.5","3.0166666666667","","1","318","4.5","4.6333333333333","","3","354","4.5","4.65","","7","426","30","30.183333333333","","3","984","7","7.9166666666667","","1","1128","7","7.1666666666667","","0","1200","5","5.15","","0","300","5","5.1333333333333","","Media","Media","1440","1255"
"7","30","25.75","0.55102891053383","0.55102891053383","","0","300","0.5","3.0166666666667","","1","318","4.5","4.6333333333333","","3","354","4.5","4.65","","7","426","30","30.183333333333","","3","984","7","7.9166666666667","","1","1128","7","7.1666666666667","","0","1200","5","5.15","","0","300","5","5.1333333333333","","Media","Media","1440","1255"
"7","30","25.75","0.52691826410567","0.52691826410567","","0","300","0.5","3.0166666666667","","1","318","4.5","4.6333333333333","","3","354","4.5","4.65","","7","426","30","30.183333333333","","3","984","7","7.9166666666667","","1","1128","7","7.1666666666667","","0","1200","5","5.15","","0","300","5","5.1333333333333","","Media","Media","1440","1255"
"7","30","25.75","0.59557167645582","0.59557167645582","","0","300","0.5","3.0166666666667","","1","318","4.5","4.6333333333333","","3","354","4.5","4.65","","7","426","30","30.183333333333","","3","984","7","7.9166666666667","","1","1128","7","7.1666666666667","","0","1200","5","5.15","","0","300","5","5.1333333333333","","Media","Media","1440","1255"
"7","60","25.5","0.43089573635863","0.43089573635863","","0","300","0.5","2.6833333333333","","1","318","4.5","4.95","","3","354","4.5","4.6833333333333","","7","426","60","60.333333333333","","3","984","7","7.9833333333333","","1","1128","7","7.15","","0","1200","5","5.1833333333333","","0","300","5","5.15","","Media","Media","1440","1315"
"7","60","25.5","0.49316237605547","0.49316237605547","","0","300","0.5","2.6833333333333","","1","318","4.5","4.95","","3","354","4.5","4.6833333333333","","7","426","60","60.333333333333","","3","984","7","7.9833333333333","","1","1128","7","7.15","","0","1200","5","5.1833333333333","","0","300","5","5.15","","Media","Media","1440","1315"
"7","60","25.5","0.43374751879442","0.43374751879442","","0","300","0.5","2.6833333333333","","1","318","4.5","4.95","","3","354","4.5","4.6833333333333","","7","426","60","60.333333333333","","3","984","7","7.9833333333333","","1","1128","7","7.15","","0","1200","5","5.1833333333333","","0","300","5","5.15","","Media","Media","1440","1315"
"7","60","25.5","0.38231926958621","0.38231926958621","","0","300","0.5","2.6833333333333","","1","318","4.5","4.95","","3","354","4.5","4.6833333333333","","7","426","60","60.333333333333","","3","984","7","7.9833333333333","","1","1128","7","7.15","","0","1200","5","5.1833333333333","","0","300","5","5.15","","Media","Media","1440","1315"
"7","60","25.5","0.56144225549986","0.56144225549986","","0","300","0.5","2.6833333333333","","1","318","4.5","4.95","","3","354","4.5","4.6833333333333","","7","426","60","60.333333333333","","3","984","7","7.9833333333333","","1","1128","7","7.15","","0","1200","5","5.1833333333333","","0","300","5","5.15","","Media","Media","1440","1315"
"","","","","","","","","","","","","","","","","","","","","","","","","","","","","","","","","","","","","","","","","","","","","","","","","",""
"DMSO + EG + FA","","","","","","","","","","","","","","","","","","","","","","","","","","","","","","","","","","","","","","","","","","","","","","","","",""
"","","","","","","","","","","","","","","","","","","","","","","","","","","","","","","","","","","","","","","","","","","","","","","","","",""
"","","","","","","1","","","","","2","","","","","3","","","","","4","","","","","5","","","","","6","","","","","7","","","","","8","","","","","9","","",""
"","","","","","","","","","","","","","","","","","","","","","","","","","","","","","","","","","","","","","","","","","","","","","","","","",""
"Max Conc","Exp Time","Temp","Cell Viab","Adj Cell Viab","","a","b","c","d","","a","b","c","d","","a","b","c","d","","a","b","c","d","","a","b","c","d","","a","b","c","d","","a","b","c","d","","a","b","c","d","","a","b","c","d"
"","","","","","","","","","","","","","","","","","","","","","","","","","","","","","","","","","","","","","","","","","","","","","","","","",""
"7","5","25.75","0.94930035101329","0.94930035101329","","0","300","0.5","2.5666666666667","","1","316","4.5","4.6333333333333","","3","349","4.5","4.7","","7","414","5","5.3","","3","979","7","8.1833333333333","","1","1126","7","7.2","","0","1200","5","5.2","","0","300","5","5.15","","Media","Media","1440","1410"
"7","5","25.75","0.92444702368891","0.92444702368891","","0","300","0.5","2.5666666666667","","1","316","4.5","4.6333333333333","","3","349","4.5","4.7","","7","414","5","5.3","","3","979","7","8.1833333333333","","1","1126","7","7.2","","0","1200","5","5.2","","0","300","5","5.15","","Media","Media","1440","1410"
"7","5","25.75","0.91532681560115","0.91532681560115","","0","300","0.5","2.5666666666667","","1","316","4.5","4.6333333333333","","3","349","4.5","4.7","","7","414","5","5.3","","3","979","7","8.1833333333333","","1","1126","7","7.2","","0","1200","5","5.2","","0","300","5","5.15","","Media","Media","1440","1410"
"7","5","25.75","0.89148708136611","0.89148708136611","","0","300","0.5","2.5666666666667","","1","316","4.5","4.6333333333333","","3","349","4.5","4.7","","7","414","5","5.3","","3","979","7","8.1833333333333","","1","1126","7","7.2","","0","1200","5","5.2","","0","300","5","5.15","","Media","Media","1440","1410"
"7","5","25.75","0.87436426702908","0.87436426702908","","0","300","0.5","2.5666666666667","","1","316","4.5","4.6333333333333","","3","349","4.5","4.7","","7","414","5","5.3","","3","979","7","8.1833333333333","","1","1126","7","7.2","","0","1200","5","5.2","","0","300","5","5.15","","Media","Media","1440","1410"
"7","10","25.2","0.94978802038735","0.94978802038735","","0","300","0.5","2.5833333333333","","1","316","4.5","4.65","","3","349","4.5","4.6666666666667","","7","414","10","10.2","","3","979","7","7.9166666666667","","1","1126","7","7.15","","0","1200","5","5.1666666666667","","0","300","5","5.15","","Media","Media","1440","1210"
"7","10","25.2","0.96946721133011","0.96946721133011","","0","300","0.5","2.5833333333333","","1","316","4.5","4.65","","3","349","4.5","4.6666666666667","","7","414","10","10.2","","3","979","7","7.9166666666667","","1","1126","7","7.15","","0","1200","5","5.1666666666667","","0","300","5","5.15","","Media","Media","1440","1210"
"7","10","25.2","0.72863198026453","0.72863198026453","","0","300","0.5","2.5833333333333","","1","316","4.5","4.65","","3","349","4.5","4.6666666666667","","7","414","10","10.2","","3","979","7","7.9166666666667","","1","1126","7","7.15","","0","1200","5","5.1666666666667","","0","300","5","5.15","","Media","Media","1440","1210"
"7","10","25.2","0.74080023742312","0.74080023742312","","0","300","0.5","2.5833333333333","","1","316","4.5","4.65","","3","349","4.5","4.6666666666667","","7","414","10","10.2","","3","979","7","7.9166666666667","","1","1126","7","7.15","","0","1200","5","5.1666666666667","","0","300","5","5.15","","Media","Media","1440","1210"
"7","10","25.2","0.96750527474562","0.96750527474562","","0","300","0.5","2.5833333333333","","1","316","4.5","4.65","","3","349","4.5","4.6666666666667","","7","414","10","10.2","","3","979","7","7.9166666666667","","1","1126","7","7.15","","0","1200","5","5.1666666666667","","0","300","5","5.15","","Media","Media","1440","1210"
"7","30","25.75","0.6823024792657","0.6823024792657","","0","300","0.5","3.0166666666667","","1","316","4.5","4.6333333333333","","3","349","4.5","4.65","","7","414","30","30.183333333333","","3","979","7","7.9166666666667","","1","1126","7","7.1666666666667","","0","1200","5","5.15","","0","300","5","5.1333333333333","","Media","Media","1440","1255"
"7","30","25.75","0.74631114060495","0.74631114060495","","0","300","0.5","3.0166666666667","","1","316","4.5","4.6333333333333","","3","349","4.5","4.65","","7","414","30","30.183333333333","","3","979","7","7.9166666666667","","1","1126","7","7.1666666666667","","0","1200","5","5.15","","0","300","5","5.1333333333333","","Media","Media","1440","1255"
"7","30","25.75","0.75696023937114","0.75696023937114","","0","300","0.5","3.0166666666667","","1","316","4.5","4.6333333333333","","3","349","4.5","4.65","","7","414","30","30.183333333333","","3","979","7","7.9166666666667","","1","1126","7","7.1666666666667","","0","1200","5","5.15","","0","300","5","5.1333333333333","","Media","Media","1440","1255"
"7","30","25.75","0.77732176472339","0.77732176472339","","0","300","0.5","3.0166666666667","","1","316","4.5","4.6333333333333","","3","349","4.5","4.65","","7","414","30","30.183333333333","","3","979","7","7.9166666666667","","1","1126","7","7.1666666666667","","0","1200","5","5.15","","0","300","5","5.1333333333333","","Media","Media","1440","1255"
"7","30","25.75","0.71106805132507","0.71106805132507","","0","300","0.5","3.0166666666667","","1","316","4.5","4.6333333333333","","3","349","4.5","4.65","","7","414","30","30.183333333333","","3","979","7","7.9166666666667","","1","1126","7","7.1666666666667","","0","1200","5","5.15","","0","300","5","5.1333333333333","","Media","Media","1440","1255"
"7","60","25.5","0.67144912833381","0.67144912833381","","0","300","0.5","2.6833333333333","","1","316","4.5","4.95","","3","349","4.5","4.6833333333333","","7","414","60","60.333333333333","","3","979","7","7.9833333333333","","1","1126","7","7.15","","0","1200","5","5.1833333333333","","0","300","5","5.15","","Media","Media","1440","1315"
"7","60","25.5","0.63858775995132","0.63858775995132","","0","300","0.5","2.6833333333333","","1","316","4.5","4.95","","3","349","4.5","4.6833333333333","","7","414","60","60.333333333333","","3","979","7","7.9833333333333","","1","1126","7","7.15","","0","1200","5","5.1833333333333","","0","300","5","5.15","","Media","Media","1440","1315"
"7","60","25.5","0.73161127362832","0.73161127362832","","0","300","0.5","2.6833333333333","","1","316","4.5","4.95","","3","349","4.5","4.6833333333333","","7","414","60","60.333333333333","","3","979","7","7.9833333333333","","1","1126","7","7.15","","0","1200","5","5.1833333333333","","0","300","5","5.15","","Media","Media","1440","1315"
"7","60","25.5","0.75344158951952","0.75344158951952","","0","300","0.5","2.6833333333333","","1","316","4.5","4.95","","3","349","4.5","4.6833333333333","","7","414","60","60.333333333333","","3","979","7","7.9833333333333","","1","1126","7","7.15","","0","1200","5","5.1833333333333","","0","300","5","5.15","","Media","Media","1440","1315"
"7","60","25.5","0.68967334623744","0.68967334623744","","0","300","0.5","2.6833333333333","","1","316","4.5","4.95","","3","349","4.5","4.6833333333333","","7","414","60","60.333333333333","","3","979","7","7.9833333333333","","1","1126","7","7.15","","0","1200","5","5.1833333333333","","0","300","5","5.15","","Media","Media","1440","1315"
"","","","","","","","","","","","","","","","","","","","","","","","","","","","","","","","","","","","","","","","","","","","","","","","","",""
"PG + EG + FA","","","","","","","","","","","","","","","","","","","","","","","","","","","","","","","","","","","","","","","","","","","","","","","","",""
"","","","","","","","","","","","","","","","","","","","","","","","","","","","","","","","","","","","","","","","","","","","","","","","","",""
"","","","","","","1","","","","","2","","","","","3","","","","","4","","","","","5","","","","","6","","","","","7","","","","","8","","","","","9","","",""
"","","","","","","","","","","","","","","","","","","","","","","","","","","","","","","","","","","","","","","","","","","","","","","","","",""
"Max Conc","Exp Time","Temp","Cell Viab","Adj Cell Viab","","a","b","c","d","","a","b","c","d","","a","b","c","d","","a","b","c","d","","a","b","c","d","","a","b","c","d","","a","b","c","d","","a","b","c","d","","a","b","c","d"
"","","","","","","","","","","","","","","","","","","","","","","","","","","","","","","","","","","","","","","","","","","","","","","","","",""
"7","5","25.75","0.6653174263779","0.6653174263779","","0","300","0.5","2.5666666666667","","1","317","4.5","4.6333333333333","","3","350","4.5","4.7","","7","416","5","5.3","","3","980","7","8.1833333333333","","1","1127","7","7.2","","0","1200","5","5.2","","0","300","5","5.15","","Media","Media","1440","1410"
"7","5","25.75","0.68377797839473","0.68377797839473","","0","300","0.5","2.5666666666667","","1","317","4.5","4.6333333333333","","3","350","4.5","4.7","","7","416","5","5.3","","3","980","7","8.1833333333333","","1","1127","7","7.2","","0","1200","5","5.2","","0","300","5","5.15","","Media","Media","1440","1410"
"7","5","25.75","0.64589222086419","0.64589222086419","","0","300","0.5","2.5666666666667","","1","317","4.5","4.6333333333333","","3","350","4.5","4.7","","7","416","5","5.3","","3","980","7","8.1833333333333","","1","1127","7","7.2","","0","1200","5","5.2","","0","300","5","5.15","","Media","Media","1440","1410"
"7","5","25.75","0.69275906672528","0.69275906672528","","0","300","0.5","2.5666666666667","","1","317","4.5","4.6333333333333","","3","350","4.5","4.7","","7","416","5","5.3","","3","980","7","8.1833333333333","","1","1127","7","7.2","","0","1200","5","5.2","","0","300","5","5.15","","Media","Media","1440","1410"
"7","5","25.75","0.7328221021837","0.7328221021837","","0","300","0.5","2.5666666666667","","1","317","4.5","4.6333333333333","","3","350","4.5","4.7","","7","416","5","5.3","","3","980","7","8.1833333333333","","1","1127","7","7.2","","0","1200","5","5.2","","0","300","5","5.15","","Media","Media","1440","1410"
"7","10","25.2","0.39452722206303","0.39452722206303","","0","300","0.5","2.5833333333333","","1","317","4.5","4.65","","3","350","4.5","4.6666666666667","","7","416","10","10.2","","3","980","7","7.9166666666667","","1","1127","7","7.15","","0","1200","5","5.1666666666667","","0","300","5","5.15","","Media","Media","1440","1210"
"7","10","25.2","0.35882762524751","0.35882762524751","","0","300","0.5","2.5833333333333","","1","317","4.5","4.65","","3","350","4.5","4.6666666666667","","7","416","10","10.2","","3","980","7","7.9166666666667","","1","1127","7","7.15","","0","1200","5","5.1666666666667","","0","300","5","5.15","","Media","Media","1440","1210"
"7","10","25.2","0.57787099894762","0.57787099894762","","0","300","0.5","2.5833333333333","","1","317","4.5","4.65","","3","350","4.5","4.6666666666667","","7","416","10","10.2","","3","980","7","7.9166666666667","","1","1127","7","7.15","","0","1200","5","5.1666666666667","","0","300","5","5.15","","Media","Media","1440","1210"
"7","10","25.2","0.40147234926756","0.40147234926756","","0","300","0.5","2.5833333333333","","1","317","4.5","4.65","","3","350","4.5","4.6666666666667","","7","416","10","10.2","","3","980","7","7.9166666666667","","1","1127","7","7.15","","0","1200","5","5.1666666666667","","0","300","5","5.15","","Media","Media","1440","1210"
"7","10","25.2","0.45856679485918","0.45856679485918","","0","300","0.5","2.5833333333333","","1","317","4.5","4.65","","3","350","4.5","4.6666666666667","","7","416","10","10.2","","3","980","7","7.9166666666667","","1","1127","7","7.15","","0","1200","5","5.1666666666667","","0","300","5","5.15","","Media","Media","1440","1210"
"7","10","25.2","0.42347670781587","0.42347670781587","","0","300","0.5","2.5833333333333","","1","317","4.5","4.65","","3","350","4.5","4.6666666666667","","7","416","10","10.2","","3","980","7","7.9166666666667","","1","1127","7","7.15","","0","1200","5","5.1666666666667","","0","300","5","5.15","","Media","Media","1440","1210"
"7","30","25.75","0.29884050715131","0.29884050715131","","0","300","0.5","3.0166666666667","","1","317","4.5","4.6333333333333","","3","350","4.5","4.65","","7","416","30","30.183333333333","","3","980","7","7.9166666666667","","1","1127","7","7.1666666666667","","0","1200","5","5.15","","0","300","5","5.1333333333333","","Media","Media","1440","1255"
"7","30","25.75","0.3156007934557","0.3156007934557","","0","300","0.5","3.0166666666667","","1","317","4.5","4.6333333333333","","3","350","4.5","4.65","","7","416","30","30.183333333333","","3","980","7","7.9166666666667","","1","1127","7","7.1666666666667","","0","1200","5","5.15","","0","300","5","5.1333333333333","","Media","Media","1440","1255"
"7","30","25.75","0.40217488220824","0.40217488220824","","0","300","0.5","3.0166666666667","","1","317","4.5","4.6333333333333","","3","350","4.5","4.65","","7","416","30","30.183333333333","","3","980","7","7.9166666666667","","1","1127","7","7.1666666666667","","0","1200","5","5.15","","0","300","5","5.1333333333333","","Media","Media","1440","1255"
"7","30","25.75","0.36360198023858","0.36360198023858","","0","300","0.5","3.0166666666667","","1","317","4.5","4.6333333333333","","3","350","4.5","4.65","","7","416","30","30.183333333333","","3","980","7","7.9166666666667","","1","1127","7","7.1666666666667","","0","1200","5","5.15","","0","300","5","5.1333333333333","","Media","Media","1440","1255"
"7","30","25.75","0.34398950826601","0.34398950826601","","0","300","0.5","3.0166666666667","","1","317","4.5","4.6333333333333","","3","350","4.5","4.65","","7","416","30","30.183333333333","","3","980","7","7.9166666666667","","1","1127","7","7.1666666666667","","0","1200","5","5.15","","0","300","5","5.1333333333333","","Media","Media","1440","1255"
"7","60","25.5","0.25572648389472","0.25572648389472","","0","300","0.5","2.6833333333333","","1","317","4.5","4.95","","3","350","4.5","4.6833333333333","","7","416","60","60.333333333333","","3","980","7","7.9833333333333","","1","1127","7","7.15","","0","1200","5","5.1833333333333","","0","300","5","5.15","","Media","Media","1440","1315"
"7","60","25.5","0.012377890116404","","","0","300","0.5","2.6833333333333","","1","317","4.5","4.95","","3","350","4.5","4.6833333333333","","7","416","60","60.333333333333","","3","980","7","7.9833333333333","","1","1127","7","7.15","","0","1200","5","5.1833333333333","","0","300","5","5.15","","Media","Media","1440","1315"
"7","60","25.5","0.22418508768892","0.22418508768892","","0","300","0.5","2.6833333333333","","1","317","4.5","4.95","","3","350","4.5","4.6833333333333","","7","416","60","60.333333333333","","3","980","7","7.9833333333333","","1","1127","7","7.15","","0","1200","5","5.1833333333333","","0","300","5","5.15","","Media","Media","1440","1315"
"7","60","25.5","0.24500357224883","0.24500357224883","","0","300","0.5","2.6833333333333","","1","317","4.5","4.95","","3","350","4.5","4.6833333333333","","7","416","60","60.333333333333","","3","980","7","7.9833333333333","","1","1127","7","7.15","","0","1200","5","5.1833333333333","","0","300","5","5.15","","Media","Media","1440","1315"
"7","60","25.5","0.24020019348136","0.24020019348136","","0","300","0.5","2.6833333333333","","1","317","4.5","4.95","","3","350","4.5","4.6833333333333","","7","416","60","60.333333333333","","3","980","7","7.9833333333333","","1","1127","7","7.15","","0","1200","5","5.1833333333333","","0","300","5","5.15","","Media","Media","1440","1315"
